report_date,total_purchase,total_redeem,active_users,purchase_users,redeem_users,purchase_user_ratio,redeem_user_ratio,total_balance,avg_balance,year,month,day,day_of_week,is_weekend,mfd_daily_yield,Interest_O_N,shibor_spread_1M_O_N,net_flow,total_purchase_lag_1,total_purchase_lag_2,total_purchase_lag_3,total_purchase_lag_7,total_purchase_roll_7d_avg,total_purchase_roll_7d_std,total_purchase_roll_14d_avg,total_purchase_roll_14d_std,total_purchase_momentum_7v30,total_redeem_lag_1,total_redeem_lag_2,total_redeem_lag_3,total_redeem_lag_7,total_redeem_roll_7d_avg,total_redeem_roll_7d_std,total_redeem_roll_14d_avg,total_redeem_roll_14d_std,total_redeem_momentum_7v30,active_users_lag_1,active_users_lag_2,active_users_lag_3,active_users_lag_7,active_users_roll_7d_avg,active_users_roll_7d_std,active_users_roll_14d_avg,active_users_roll_14d_std,active_users_momentum_7v30
20140101,127948836,10713586,1616,1145,148,0.7085396039603961,0.09158415841584158,2507533347,1551691.4275990098,2014,1,1,4,0,1.7807,0.0,0.0,117235250,0,0,0,0,0.0,0.0,0.0,0.0,1.0,0,0,0,0,0.0,0.0,0.0,0.0,1.0,0,0,0,0,0.0,0.0,0.0,0.0,1.0
20140102,111950731,59332001,1605,1134,149,0.7065420560747664,0.09283489096573208,2582539950,1609059.1588785048,2014,1,2,5,0,1.8092,3.131,2.7790000000000004,52618730,127948836,0,0,0,127948836.0,0.0,127948836.0,0.0,1.0,10713586,0,0,0,10713586.0,0.0,10713586.0,0.0,1.0,1616,0,0,0,1616.0,0.0,1616.0,0.0,1.0
20140103,133884921,41755902,1580,1119,172,0.7082278481012658,0.10886075949367088,2695222672,1705837.1341772152,2014,1,3,6,0,1.7847,3.006,3.195,92129019,111950731,127948836,0,0,119949783.5,11312368.531634413,119949783.5,11312368.531634413,1.0,59332001,10713586,0,0,35022793.5,34378410.93704176,35022793.5,34378410.93704176,1.0,1605,1616,0,0,1610.5,7.7781745930520225,1610.5,7.7781745930520225,1.0
20140104,36602666,19169651,1587,1108,130,0.6981726528040327,0.08191556395715185,2411806731,1519726.988657845,2014,1,4,7,1,1.7751,3.006,3.195,17433015,133884921,111950731,127948836,0,124594829.33333333,11345227.77554767,124594829.33333333,11345227.77554767,1.0,41755902,59332001,10713586,0,37267163.0,24618065.574606933,37267163.0,24618065.574606933,1.0,1580,1605,1616,0,1600.3333333333333,18.448125469362285,1600.3333333333333,18.448125469362285,1.0
20140105,67025527,13040599,1666,1193,129,0.7160864345738295,0.07743097238895558,3039548545,1824458.9105642256,2014,1,5,1,1,1.7748,3.006,3.195,53984928,36602666,133884921,111950731,0,102596788.5,44960701.331340924,102596788.5,44960701.331340924,1.0,19169651,41755902,59332001,0,32742785.0,22043428.807045892,32742785.0,22043428.807045892,1.0,1587,1580,1605,0,1597.0,16.472198800807767,1597.0,16.472198800807767,1.0
20140106,144332663,34774573,1616,1128,142,0.698019801980198,0.08787128712871287,2604783337,1611870.8768564356,2014,1,6,2,0,1.774,2.92,3.5549999999999997,109558090,67025527,36602666,133884921,0,95482536.2,42061400.67918338,95482536.2,42061400.67918338,1.0,13040599,19169651,41755902,0,28802347.8,21025455.80514712,28802347.8,21025455.80514712,1.0,1666,1587,1580,0,1610.8,33.99558794902656,1610.8,33.99558794902656,1.0
20140107,140279410,33168464,1670,1149,138,0.6880239520958084,0.08263473053892216,3026808871,1812460.4017964073,2014,1,7,3,0,1.8086,2.875,3.05,107110946,144332663,67025527,36602666,0,103624224.0,42579943.906396344,103624224.0,42579943.906396344,1.0,34774573,13040599,19169651,0,29797718.666666668,18963132.98019629,29797718.666666668,18963132.98019629,1.0,1616,1666,1587,0,1611.6666666666667,30.48059491982836,1611.6666666666667,30.48059491982836,1.0
20140108,67307595,62223553,1726,1221,157,0.7074159907300116,0.09096176129779837,2933553711,1699625.5567786791,2014,1,8,4,0,1.822,2.83,2.8200000000000003,5084042,140279410,144332663,67025527,127948836,108860679.14285715,41265234.63888177,108860679.14285715,41265234.63888177,1.0,33168464,34774573,13040599,10713586,30279253.714285713,17357711.32288006,30279253.714285713,17357711.32288006,1.0,1670,1616,1666,1616,1620.0,35.50117368951815,1620.0,35.50117368951815,1.0
20140109,111086202,36926907,1768,1246,197,0.7047511312217195,0.11142533936651584,3264672465,1846534.1996606335,2014,1,9,5,0,1.7647,2.794,3.52,74159295,67307595,140279410,144332663,111950731,100197644.71428572,42922180.45451168,103666543.625,40931552.60461797,0.9665379129137114,62223553,33168464,34774573,59332001,37637820.428571425,18557676.890081186,34272291.125,19641880.65246229,1.0981997174130105,1726,1670,1616,1605,1635.7142857142858,53.31264479687815,1633.25,49.84762496133313,1.0015088233364677
20140110,60408018,22059958,1648,1183,152,0.7178398058252428,0.09223300970873786,3040349465,1844872.2481796117,2014,1,10,6,0,1.7878,2.766,2.909,38348060,111086202,67307595,140279410,133884921,100074140.57142857,42883952.553042695,104490950.1111111,38367757.47011559,0.9577302193636301,36926907,62223553,33168464,41755902,34437092.71428572,15939884.730188178,34567248.44444445,18394592.670198504,0.9962347095584447,1768,1726,1670,1580,1659.0,70.49113419430846,1648.2222222222222,64.74329652129599,1.00653903195362
20140111,50812009,18475399,1757,1266,141,0.7205463858850313,0.08025042686397268,3072520946,1748731.329538987,2014,1,11,7,1,1.7439,2.766,2.909,32336610,60408018,111086202,67307595,36602666,89577440.14285715,42216046.88362398,100082656.9,38766613.527401865,0.8950345935795909,22059958,36926907,62223553,19169651,31623386.42857143,16169361.171720007,33316519.4,17787877.89121721,0.9491803765243085,1648,1768,1726,1587,1668.7142857142858,61.95889574471742,1648.2,61.04060579282915,1.012446478409347
20140112,67040578,45795900,1805,1264,145,0.7002770083102493,0.08033240997229917,2905981047,1609961.7988919667,2014,1,12,1,1,1.7434,2.766,2.909,21244678,50812009,60408018,111086202,67025527,91607346.28571428,39498430.37059666,95603507.0909091,39664290.0488552,0.9582006881672774,18475399,22059958,36926907,13040599,31524207.57142857,16260353.811168276,31967326.636363637,17458272.31238832,0.986138375911891,1757,1648,1768,1666,1693.0,57.766772456144686,1658.090909090909,66.5544206577664,1.0210537858435222
20140113,72346930,57451207,1786,1212,161,0.6786114221724524,0.09014557670772676,2781293456,1557275.1713325868,2014,1,13,2,0,1.7584,2.738,3.727,14895723,67040578,50812009,60408018,144332663,91609496.42857143,39496869.58627628,93223263.0,38706838.984464355,0.9826892288523674,45795900,18475399,22059958,34774573,36203536.28571428,14692170.447928105,33119707.75,17117790.787353717,1.0931115865813847,1805,1757,1648,1616,1712.857142857143,69.61424320599096,1670.3333333333333,76.32387132040243,1.0254582775037775
20140114,116681630,31622182,1816,1221,151,0.6723568281938326,0.08314977973568281,3085134346,1698862.5253303964,2014,1,14,3,0,1.7634,2.7395,3.7447000000000004,85059448,72346930,67040578,50812009,140279410,81325820.28571428,32174141.919949308,91617391.23076923,37508565.45686029,0.8876679328367671,57451207,45795900,18475399,33168464,39443055.428571425,16688915.580898106,34991361.538461536,17724014.050712544,1.1272226542318655,1786,1805,1757,1670,1737.142857142857,59.043567449323874,1679.2307692307693,79.80617545670044,1.0344872717754072
20140115,109528792,58907782,1811,1243,170,0.6863611264494754,0.09387078961899503,3243936880,1791240.6847045831,2014,1,15,4,0,1.7295,2.7513,3.9907,50621010,116681630,72346930,67040578,67307595,77954708.85714285,25514731.836776733,93407694.0,36654366.17982666,0.8345641083607401,31622182,57451207,45795900,62223553,39222158.0,16795700.90564174,34750705.85714286,17052472.51957986,1.1286722681616568,1816,1786,1805,1726,1758.0,57.1285101036835,1689.0,84.94251449792846,1.0408525754884548
20140116,133163589,74438476,1874,1294,177,0.6905016008537886,0.09445037353255069,3130103231,1670279.2054429029,2014,1,16,5,0,1.723,2.7723,3.9206999999999996,58725113,109528792,116681630,72346930,111086202,83986308.42857143,27492149.131799,92091976.57142857,35635566.73812776,0.9119829061702222,58907782,31622182,57451207,36926907,38748476.428571425,16069963.773949116,38193148.428571425,16687406.79522762,1.014539990098972,1811,1816,1786,1768,1770.142857142857,58.21634527469808,1702.9285714285713,87.98467024318626,1.0394698208967745
20140117,61053491,31768983,1841,1278,167,0.6941879413362303,0.09071156979902227,3422186152,1858873.5209125476,2014,1,17,6,0,1.7139,2.817,4.147,29284508,133163589,109528792,116681630,60408018,87140220.85714285,32013747.387851544,93607180.71428572,36970864.23265602,0.9309138486193514,74438476,58907782,31622182,22059958,44107272.0,20892197.660718344,39272182.35714286,18544491.978855293,1.1231174167731917,1874,1811,1816,1648,1785.2857142857142,70.13252760717688,1722.142857142857,94.11274510505355,1.0366652841144752
20140118,72324882,31107331,1879,1307,148,0.6955827567855242,0.07876530069185737,3701824506,1970103.5156998404,2014,1,18,7,1,1.6772,2.817,4.147,41217551,61053491,133163589,109528792,50812009,87232431.28571428,31924722.4383162,88404935.71428572,35978136.348400734,0.9867371157605858,31768983,74438476,58907782,18475399,45494275.571428575,19457588.09586458,38558831.0,18633471.394873008,1.179866567309278,1841,1874,1811,1757,1812.857142857143,37.520787888975924,1740.7857142857142,89.52883383531852,1.0414016659144065
20140119,43404238,35068843,1922,1347,175,0.7008324661810614,0.09105098855359,3330165670,1732656.4360041623,2014,1,19,1,1,1.6767,2.817,4.147,8335395,72324882,61053491,133163589,67040578,90305698.85714285,28707723.896361247,90956522.57142857,33179565.629143782,0.9928446724227543,31107331,31768983,74438476,45795900,47298837.28571428,16959539.05183644,39411522.428571425,17938113.108622894,1.2001271296088005,1879,1841,1874,1805,1830.2857142857142,35.53268113401277,1761.642857142857,84.83613811148116,1.0389652515914527
20140120,67703717,115181468,1922,1327,177,0.690426638917794,0.09209157127991675,3308876492,1721579.8605619147,2014,1,20,2,0,1.7235,3.888,3.5840000000000005,-47477751,43404238,72324882,61053491,72346930,86929078.85714285,32973400.16721586,89269287.64285715,35038614.99992246,0.9737848385765454,35068843,31107331,31768983,57451207,45766400.571428575,17590865.01978309,40984968.428571425,16342158.16273421,1.1166630676119764,1922,1879,1841,1786,1847.0,47.24404724407089,1779.9285714285713,90.06362220095325,1.0376820899715078
20140121,167286693,147396994,1906,1347,203,0.7067156348373557,0.10650577124868835,3416151437,1792314.5,2014,1,21,3,0,1.6958,3.641,3.7859999999999996,19889699,67703717,43404238,72324882,116681630,86265762.71428572,33360071.609217435,83795791.5,31590930.204648353,1.0294760771402907,115181468,35068843,31107331,31622182,54013580.71428572,31786884.652699515,46728318.071428575,25535203.995205615,1.1559068022033436,1922,1922,1879,1816,1866.4285714285713,45.92333155327887,1801.7857142857142,84.15752498136469,1.0358771060455896
20140122,125914565,60449552,1921,1339,166,0.6970327954190526,0.0864133263925039,3392234497,1765869.0770432067,2014,1,22,4,0,1.6853,3.676,3.274,65465013,167286693,67703717,43404238,109528792,93495057.42857143,44629574.48783464,85724883.14285715,35843743.4472205,1.0906408268036434,147396994,115181468,35068843,58907782,70552839.57142857,45399511.32491681,54887498.78571428,36684630.83318726,1.2854081736694394,1906,1922,1922,1811,1879.2857142857142,41.87168608066903,1818.642857142857,79.22082781970634,1.0333451160598561
20140123,166395361,69118042,1942,1371,162,0.7059732234809475,0.08341915550978372,3922665175,2019909.9768280124,2014,1,23,5,0,1.7491,3.7,3.008,97277319,125914565,167286693,67703717,133163589,95835882.14285715,46018802.53088024,89911095.28571428,36933135.10386384,1.0658960591939786,60449552,147396994,115181468,74438476,70773092.42857143,45337297.460091725,54760784.428571425,36660397.58576355,1.2924046499166946,1921,1906,1922,1874,1895.0,31.27299154222379,1832.5714285714287,78.82084289529818,1.0340661053944495
20140124,199695737,172556931,1950,1361,151,0.6979487179487179,0.07743589743589743,3501133432,1795453.042051282,2014,1,24,6,0,1.7296,3.7193,3.0977,27138806,166395361,125914565,167286693,61053491,100583278.14285715,51855406.49114289,93861749.5,41985056.395747714,1.0716109456585097,69118042,60449552,147396994,31768983,70013030.42857143,45310196.68425925,57060151.21428572,36464805.159456834,1.227003941255641,1942,1921,1906,1841,1904.7142857142858,34.09650170576782,1845.0,81.52772062782836,1.032365466511808
20140125,184390354,59441942,1998,1416,128,0.7087087087087087,0.06406406406406406,4075205049,2039642.1666666667,2014,1,25,7,1,1.6815,3.7193,3.0977,124948412,199695737,166395361,125914565,72324882,120389313.28571428,60067491.661128685,103810872.28571428,49311860.50747013,1.1596985039714516,172556931,69118042,60449552,31107331,90125594.42857143,55586451.148193605,67809935.0,46228985.99097666,1.3290912965566393,1950,1942,1921,1879,1920.2857142857142,23.34319519484774,1866.5714285714287,63.312065062021,1.028776978417266
20140126,136719159,126539427,1986,1376,139,0.6928499496475328,0.06998992950654583,3784352147,1905514.6762336355,2014,1,26,1,1,1.695,4.4,2.5949999999999998,10179732,184390354,199695737,166395361,43404238,136398666.42857143,60056181.01422773,113352182.64285715,51156799.340799764,1.203317512273475,59441942,172556931,69118042,35068843,94173396.0,51450234.09860022,70736116.64285715,44114187.682227015,1.331333984242822,1998,1950,1942,1922,1937.2857142857142,30.49980483934445,1883.7857142857142,63.988194309489565,1.028400257839457
20140127,150947704,107100789,1954,1347,121,0.6893551688843398,0.06192425793244626,4253810336,2176975.606960082,2014,1,27,2,0,1.6915,4.534,2.2960000000000003,43846915,136719159,184390354,199695737,67703717,149729369.42857143,44250526.86596757,118329224.14285715,49672537.850416616,1.2653625553042191,126539427,59441942,172556931,115181468,107240622.28571428,45169503.890998006,76503511.42857143,45846831.49628917,1.4017738569534939,1986,1998,1950,1922,1946.4285714285713,34.48602201306657,1896.7142857142858,65.12051380848682,1.0262107403780973
20140128,264627185,56373346,2021,1371,136,0.6783770410687778,0.06729341909945571,4361955339,2158315.358238496,2014,1,28,3,0,1.7398,4.8477,2.4853000000000005,208253839,150947704,136719159,184390354,167286693,161621367.57142857,25922943.864079863,123943565.14285715,48503763.15294801,1.3039915979917476,107100789,126539427,59441942,147396994,106086239.57142857,45035798.3850731,80049910.14285715,46178784.1181617,1.3252512011831987,1954,1986,1998,1906,1951.0,32.78719262150999,1908.7142857142858,58.267854406549525,1.022154030386947
20140129,263797715,58652118,2044,1457,127,0.7128180039138943,0.062133072407045006,4202589381,2056061.340998043,2014,1,29,4,0,1.6693,4.8,2.3920000000000003,205145597,264627185,150947704,136719159,125914565,175527152.14285713,47004433.67663864,134511104.7857143,61243348.27090493,1.304926849143677,56373346,107100789,126539427,60449552,93082861.28571428,44254034.17577217,81817850.42857143,44629946.4750809,1.137684023695751,2021,1954,1986,1921,1967.4285714285713,35.203490086718865,1923.357142857143,58.9309989509988,1.0229138039885617
20140130,65681043,22883566,2023,1410,104,0.6969846762234305,0.0514087988136431,4157688452,2055209.3188334156,2014,1,30,5,0,1.6193,4.435,1.0060000000000002,42797477,263797715,264627185,150947704,166395361,195224745.0,51430888.94351004,145530313.57142857,69697539.05461287,1.3414713416678006,58652118,56373346,107100789,69118042,92826085.0,44479581.2982875,81799588.71428572,44640093.09119656,1.1347989208628941,2044,2021,1954,1942,1985.0,38.69108424430619,1940.0,57.64613536983146,1.0231958762886597
20140131,21282125,19460779,2025,1445,75,0.7135802469135802,0.037037037037037035,4696594157,2319305.75654321,2014,1,31,6,0,1.609,4.435,1.0060000000000002,1821346,65681043,263797715,264627185,199695737,180836985.2857143,71147970.17951527,140710131.7142857,72879459.14250955,1.2851738754172077,22883566,58652118,56373346,172556931,86221159.85714285,51470231.40127066,78117095.14285715,47338920.37775314,1.1037425252368298,2023,2044,2021,1950,1996.5714285714287,35.683129267003984,1950.642857142857,58.2746905649404,1.023545351349372
20140201,21207656,24501444,2041,1413,99,0.6923076923076923,0.04850563449289564,4297453302,2105562.617344439,2014,2,1,7,1,1.6086,0.0,0.0,-3293788,0,0,0,0,0.0,0.0,0.0,0.0,1.0,0,0,0,0,0.0,0.0,0.0,0.0,1.0,0,0,0,0,0.0,0.0,0.0,0.0,1.0
20140202,20160658,6642457,2039,1452,76,0.7121137812653261,0.03727317312408043,4519241799,2216401.078469838,2014,2,2,1,1,1.6083,0.0,0.0,13518201,21207656,0,0,0,21207656.0,0.0,21207656.0,0.0,1.0,24501444,0,0,0,24501444.0,0.0,24501444.0,0.0,1.0,2041,0,0,0,2041.0,0.0,2041.0,0.0,1.0
20140203,23738623,16432017,2026,1375,86,0.6786771964461994,0.04244817374136229,4069292854,2008535.4659427444,2014,2,3,2,0,1.608,0.0,0.0,7306606,20160658,21207656,0,0,20684157.0,740339.3856887529,20684157.0,740339.3856887529,1.0,6642457,24501444,0,0,15571950.5,12628210.812822396,15571950.5,12628210.812822396,1.0,2039,2041,0,0,2040.0,1.4142135623730951,2040.0,1.4142135623730951,1.0
20140204,28640341,17227937,2041,1426,86,0.6986771190592846,0.042136207741303285,4450536471,2180566.6197942183,2014,2,4,3,0,1.6078,0.0,0.0,11412404,23738623,20160658,21207656,0,21702312.333333332,1839557.5694678144,21702312.333333332,1839557.5694678144,1.0,16432017,6642457,24501444,0,15858639.333333334,8943289.418777429,15858639.333333334,8943289.418777429,1.0,2026,2039,2041,0,2035.3333333333333,8.144527815247077,2035.3333333333333,8.144527815247077,1.0
20140205,37098567,24505568,2093,1498,112,0.7157190635451505,0.05351170568561873,4569873345,2183408.191591018,2014,2,5,4,0,1.6072,0.0,0.0,12592999,28640341,23738623,20160658,0,23436819.5,3780217.164722551,23436819.5,3780217.164722551,1.0,17227937,16432017,6642457,0,16200963.75,7334191.237643652,16200963.75,7334191.237643652,1.0,2041,2026,2039,0,2036.75,7.228416147400495,2036.75,7.228416147400495,1.0
20140206,66306747,39911905,2044,1413,110,0.6912915851272016,0.053816046966731895,4315359583,2111232.672700587,2014,2,6,5,0,1.6069,0.0,0.0,26394842,37098567,28640341,23738623,0,26169169.0,6931536.648543272,26169169.0,6931536.648543272,1.0,24505568,17227937,16432017,0,17861884.6,7357721.194946864,17861884.6,7357721.194946864,1.0,2093,2041,2026,0,2048.0,25.92296279363144,2048.0,25.92296279363144,1.0
20140207,162927946,69848422,2113,1484,163,0.702318977756744,0.07714150496923805,4399607039,2082161.4003786086,2014,2,7,6,0,1.7017,4.27,1.1300000000000008,93079524,66306747,37098567,28640341,0,32858765.333333332,17519736.152857997,32858765.333333332,17519736.152857997,1.0,39911905,24505568,17227937,0,21536888.0,11150907.98482911,21536888.0,11150907.98482911,1.0,2044,2093,2041,0,2047.3333333333333,23.243637122160266,2047.3333333333333,23.243637122160266,1.0
20140208,65259799,51025644,2079,1436,170,0.6907166907166907,0.08177008177008177,4296304785,2066524.6681096682,2014,2,8,7,1,1.6795,4.25,1.561,14234155,162927946,66306747,37098567,21207656,51440076.85714286,51697584.67603165,51440076.85714286,51697584.67603165,1.0,69848422,39911905,24505568,24501444,28438535.714285713,20905696.487078376,28438535.714285713,20905696.487078376,1.0,2113,2044,2093,2041,2056.714285714286,32.653301444694634,2056.714285714286,32.653301444694634,1.0
20140209,104345658,74267478,2184,1540,160,0.7051282051282052,0.07326007326007326,4540026229,2078766.5883699635,2014,2,9,1,1,1.6792,4.25,1.561,30078180,65259799,162927946,66306747,20160658,57733240.14285714,50059297.65163595,53167542.125,48111408.207714446,1.085873783804467,51025644,69848422,39911905,6642457,32227707.14285714,22421942.015197296,31261924.25,20937642.62819073,1.0308932644431554,2079,2113,2044,2039,2062.1428571428573,32.76394650337769,2059.5,31.240998703626634,1.001283251829501
20140210,198056318,113819471,2166,1490,204,0.6879039704524469,0.09418282548476455,4230549989,1953162.5064635272,2014,2,10,2,0,1.7004,4.3035,1.5455000000000005,84236847,104345658,65259799,162927946,23738623,69759668.71428572,49638985.63389455,58853999.44444445,48128903.18068693,1.185300393733407,74267478,51025644,69848422,16432017,41888424.428571425,24068970.348854538,36040319.11111111,24271058.60919211,1.162265636423218,2184,2079,2113,2026,2082.8571428571427,54.391876144109894,2073.3333333333335,50.7567729470659,1.0045934772622873
20140211,307479392,82738430,2233,1522,183,0.6815942678011644,0.0819525302283923,4991041920,2235128.4908195254,2014,2,11,3,0,1.677,4.137,1.6210000000000004,224740962,198056318,104345658,65259799,28640341,94662196.57142857,64271968.59459379,72774231.3,63219799.56480373,1.300765324214817,113819471,74267478,51025644,17227937,55800917.85714286,33284221.66186137,43818234.3,33594495.43168588,1.2734634050998914,2166,2184,2079,2041,2102.8571428571427,55.723808709947775,2082.6,56.113377291971204,1.0097268524234815
20140212,232266107,149210678,2282,1592,192,0.6976336546888694,0.08413672217353199,5218166674,2286663.7484662575,2014,2,12,4,0,1.6702,4.075,1.5750000000000002,83055429,307479392,198056318,104345658,37098567,134496346.7142857,95402893.31383778,94111064.0909091,92762780.90016443,1.4291236425120575,82738430,113819471,74267478,24505568,65159559.71428572,29641474.14289853,47356433.90909091,33962310.46601643,1.3759389028188034,2233,2166,2184,2093,2130.285714285714,66.42718892570598,2096.2727272727275,69.9300949650304,1.0162254589159483
20140213,130553447,114693629,2301,1625,187,0.7062146892655368,0.0812690134724033,4968906562,2159455.2637983486,2014,2,13,5,0,1.6705,3.669,1.9599999999999995,15859818,232266107,307479392,198056318,66306747,162377423.85714287,90591932.68943335,105623984.33333333,97021826.54828982,1.5373158367582902,149210678,82738430,113819471,39911905,82974575.42857143,37554231.640515395,55844287.583333336,43739048.958034955,1.4858202874332145,2282,2233,2166,2044,2157.285714285714,84.65560482668255,2111.75,85.55819391183132,1.0215630232204163
20140214,127809436,101457120,2333,1635,165,0.7008144020574367,0.07072438919845692,5117837659,2193672.3784826403,2014,2,14,6,0,1.661,3.278,2.2150000000000003,26352316,130553447,232266107,307479392,162927946,171555523.85714287,82092343.8618419,107541635.3076923,93148293.59454495,1.5952474905769982,114693629,149210678,82738430,69848422,93657678.85714285,33701448.45459277,60371160.0,44945327.86811148,1.551364573036908,2301,2282,2233,2113,2194.0,83.05018563093846,2126.3076923076924,97.28941756034288,1.0318356124737718
20140215,91000084,53107724,2306,1607,137,0.696877710320902,0.05941023417172593,5008771577,2172060.527753686,2014,2,15,7,1,1.6566,3.278,2.2150000000000003,37892360,127809436,130553447,232266107,65259799,166538593.85714287,83763571.55822058,108989335.35714285,89657766.93960083,1.5280265111390865,101457120,114693629,149210678,51025644,98173207.14285715,32057101.053649373,63305871.428571425,44556334.81579181,1.5507757010126122,2333,2301,2282,2079,2225.4285714285716,88.72214519283808,2141.0714285714284,108.57571926165996,1.039399499582986
20140216,75183984,29047388,2308,1637,161,0.7092720970537262,0.06975736568457538,5159543016,2235503.9064124785,2014,2,16,1,1,1.6563,3.278,2.2150000000000003,46136596,91000084,127809436,130553447,104345658,170215777.42857143,79006366.781135,113974508.78571428,86278065.58750977,1.4934548017978078,53107724,101457120,114693629,74267478,98470647.14285715,31552422.34361088,65349177.14285714,43277492.717033364,1.5068383635128952,2306,2333,2301,2184,2257.8571428571427,64.44488231925685,2160.0,112.80480077072545,1.0453042328042328
20140217,189351553,148183135,2349,1641,205,0.698595146871009,0.08727117922520221,5634099297,2398509.704980843,2014,2,17,2,0,1.6526,2.951,2.414,41168418,75183984,91000084,127809436,198056318,166049824.0,83688628.16482757,117904746.35714285,82861409.45093939,1.4083387576020212,29047388,53107724,101457120,113819471,92010634.28571428,40650964.08277618,66949529.35714286,41309081.70818106,1.3743283211877821,2308,2306,2333,2166,2275.5714285714284,57.41909421919142,2179.214285714286,113.51663962841516,1.0442164607165099
20140218,187443359,140483239,2348,1645,231,0.7005962521294719,0.098381601362862,5112600759,2177427.92120954,2014,2,18,3,0,1.6433,2.68,2.6184999999999996,46960120,189351553,75183984,91000084,307479392,164806286.14285713,83197004.26905105,129734241.35714285,80161587.46054496,1.2703376103242099,148183135,29047388,53107724,82738430,96919729.14285715,45508305.60935375,76360323.5,43844761.10433193,1.2692419924446385,2349,2308,2306,2233,2301.714285714286,37.379648142245706,2202.285714285714,112.80304726614202,1.0451478982874935
20140219,118737715,49288017,2316,1627,179,0.7025043177892919,0.07728842832469776,5238680796,2261951.9844559585,2014,2,19,4,0,1.6337,2.403,2.8912,69449698,187443359,189351553,75183984,232266107,147658281.42857143,57196871.401786394,141077314.07142857,75877174.4049375,1.0466479490374396,140483239,148183135,29047388,149210678,105168987.57142857,47690588.81643685,85164273.64285715,43430488.7742658,1.2348956090726813,2348,2349,2308,2282,2318.1428571428573,25.543613496844802,2224.214285714286,108.80694164183896,1.0422300009634222
20140220,131181999,64436706,2424,1748,193,0.7211221122112211,0.07962046204620463,5219181475,2153127.6712046205,2014,2,20,5,0,1.6358,1.981,3.239,66745293,118737715,187443359,189351553,130553447,131439939.71428572,43714157.408879355,146908681.7857143,70195826.46812691,0.8947050515776067,49288017,140483239,148183135,114693629,90894321.71428572,47263451.96311469,86934448.57142857,41216551.53695504,1.0455501036462385,2316,2348,2349,2301,2323.0,20.199009876724162,2240.1428571428573,104.35210892628207,1.0369874370256997
20140221,115725856,71176864,2384,1724,201,0.7231543624161074,0.08431208053691275,5216552087,2188151.043204698,2014,2,21,6,0,1.6282,1.764,3.412,44548992,131181999,118737715,187443359,127809436,131529732.85714285,43712678.504505925,151542628.35714287,66510225.30103634,0.8679388386161858,64436706,49288017,140483239,101457120,83714761.28571428,46861105.29211174,88686220.07142857,39551836.03365289,0.9439432779781319,2424,2316,2348,2333,2340.5714285714284,40.83241009646268,2267.285714285714,98.67540303862536,1.0323231050343393
20140222,103085904,48114091,2481,1817,184,0.732365981459089,0.07416364369205965,5824216724,2347527.9016525596,2014,2,22,7,1,1.6247,1.764,3.412,54971813,115725856,131181999,118737715,91000084,129803507.14285715,44120767.03156842,148171050.5,67082613.30830456,0.8760382456953503,71176864,64436706,49288017,53107724,79389010.42857143,46345085.80105793,88781108.78571428,39504731.35921754,0.8942106210926921,2384,2424,2316,2306,2347.8571428571427,43.705181124700225,2286.6428571428573,92.46671512816609,1.026770374535345
20140223,89037034,69757197,2490,1805,177,0.7248995983935743,0.07108433734939759,5874900441,2359397.7674698797,2014,2,23,1,1,1.6238,1.764,3.412,19279837,103085904,115725856,131181999,75183984,131530052.85714285,42558020.102158904,150872915.14285713,64185545.2823378,0.8717936730565649,48114091,71176864,64436706,29047388,78675634.28571428,46852701.98134995,88573140.71428572,39725824.8704284,0.8882561197587172,2481,2384,2424,2308,2372.8571428571427,61.99577558572991,2315.3571428571427,85.1547073027921,1.0248341817060003
20140224,237273024,103449466,2494,1751,243,0.7020850040096231,0.09743384121892543,5766143001,2312006.0148356054,2014,2,24,2,0,1.6323,1.7,3.268,133823558,89037034,103085904,115725856,189351553,133509060.0,39729234.2847888,149779442.0,65162132.62775421,0.8913710601218557,69757197,48114091,71176864,148183135,84491321.28571428,41934222.867424734,88250977.78571428,39868794.24398132,0.9573981320736301,2490,2481,2384,2349,2398.8571428571427,68.12348731391793,2337.214285714286,88.06656448516533,1.0263744995568593
20140225,165004728,103021093,2409,1709,216,0.70942299709423,0.0896637608966376,5616672333,2331536.8754669987,2014,2,25,3,0,1.6039,1.72,2.7990000000000004,61983635,237273024,89037034,103085904,187443359,140354984.42857143,52900821.94178728,152580635.2857143,68170579.2807209,0.9198741646720124,103449466,69757197,48114091,140483239,78100797.14285715,33085159.840474628,87510263.14285715,39451367.13268896,0.8924758575501092,2494,2490,2481,2348,2419.5714285714284,72.35066722303986,2360.6428571428573,82.46547729234909,1.0249629338255317
20140226,120643896,70590897,2483,1810,234,0.7289569069673781,0.09424083769633508,5724660049,2305541.703181635,2014,2,26,4,0,1.596,1.75,2.6935000000000002,50052999,165004728,237273024,89037034,118737715,137149465.7142857,50181917.65876208,142403873.57142857,51979851.84768043,0.9631020721180924,103021093,103449466,69757197,49288017,72749062.0,22718316.473318793,88959024.78571428,39634644.42149774,0.8177816941590685,2409,2494,2490,2316,2428.285714285714,65.65748062410532,2373.214285714286,74.54495656615909,1.0232054176072234
20140227,157749077,81316523,2549,1837,225,0.7206747744213418,0.08826990976853669,5919920902,2322448.3726951745,2014,2,27,5,0,1.5792,1.75,2.6180000000000003,76432554,120643896,165004728,237273024,131181999,137421777.2857143,50070402.687198475,134430858.5,45262546.09915636,1.022248751656334,70590897,103021093,103449466,64436706,75792330.57142857,20355744.80247732,83343326.14285715,35827993.89527226,0.9093989174551833,2483,2409,2494,2424,2452.1428571428573,45.21588427174892,2387.5714285714284,74.98073012521186,1.0270448154131515
20140228,162495391,157285214,2560,1920,267,0.75,0.104296875,6694260172,2614945.3796875,2014,2,28,6,0,1.572,1.8458,2.4701999999999997,5210177,157749077,120643896,165004728,115725856,141217074.14285713,50523436.28543742,136373403.5,45665128.3306507,1.0355177074014812,81316523,70590897,103021093,71176864,78203733.0,19777936.10590054,80959247.14285715,34673287.97784077,0.9659641827202903,2549,2483,2409,2384,2470.0,55.71355310873657,2405.285714285714,81.928137902797,1.0269050305873968
20140301,170792604,48543497,2611,1970,283,0.7545001914975106,0.1083875909613175,6771087554,2593292.820375335,2014,3,1,7,1,1.5698,0.0,0.0,122249107,0,0,0,0,0.0,0.0,0.0,0.0,1.0,0,0,0,0,0.0,0.0,0.0,0.0,1.0,0,0,0,0,0.0,0.0,0.0,0.0,1.0
20140302,112919895,99229280,2526,1837,221,0.7272367379255741,0.08749010292953285,6400952446,2534027.096595408,2014,3,2,1,1,1.5695,0.0,0.0,13690615,170792604,0,0,0,170792604.0,0.0,170792604.0,0.0,1.0,48543497,0,0,0,48543497.0,0.0,48543497.0,0.0,1.0,2611,0,0,0,2611.0,0.0,2611.0,0.0,1.0
20140303,116770318,89427173,2595,1875,242,0.7225433526011561,0.09325626204238921,5429803445,2092409.8053949904,2014,3,3,2,0,1.5559,2.085,2.1769999999999996,27343145,112919895,170792604,0,0,141856249.5,40922184.979535736,141856249.5,40922184.979535736,1.0,99229280,48543497,0,0,73886388.5,35840260.86904983,73886388.5,35840260.86904983,1.0,2526,2611,0,0,2568.5,60.10407640085654,2568.5,60.10407640085654,1.0
20140304,108028402,80076526,2553,1835,242,0.7187622405013709,0.09479044261652958,5880191377,2303247.6995691345,2014,3,4,3,0,1.5429,2.083,2.282,27951876,116770318,112919895,170792604,0,133494272.33333333,32358624.787793968,133494272.33333333,32358624.787793968,1.0,89427173,99229280,48543497,0,79066650.0,26884335.163918763,79066650.0,26884335.163918763,1.0,2595,2526,2611,0,2577.3333333333335,45.17004907384243,2577.3333333333335,45.17004907384243,1.0
20140305,133310908,65156990,2659,1952,250,0.7341105678826626,0.0940203083866115,6001964487,2257226.2079729224,2014,3,5,4,0,1.5411,2.09,2.3600000000000003,68153918,108028402,116770318,112919895,0,127127804.75,29328848.768121798,127127804.75,29328848.768121798,1.0,80076526,89427173,99229280,0,79319119.0,21956774.516941007,79319119.0,21956774.516941007,1.0,2553,2595,2526,0,2571.25,38.836194458262796,2571.25,38.836194458262796,1.0
20140306,202044793,75020406,2672,1953,210,0.7309131736526946,0.07859281437125748,6531956288,2444594.4191616764,2014,3,6,5,0,1.5259,2.0547,2.5852999999999997,127024387,133310908,108028402,116770318,0,128364425.4,25549602.35908872,128364425.4,25549602.35908872,1.0,65156990,80076526,89427173,0,76486693.2,20042159.06416698,76486693.2,20042159.06416698,1.0,2659,2553,2595,0,2588.8,51.68365312165928,2588.8,51.68365312165928,1.0
20140307,108072965,67668867,2646,1933,253,0.7305366591080876,0.09561602418745276,6413392592,2423806.724111867,2014,3,7,6,0,1.517,1.9948,2.5912000000000006,40404098,202044793,133310908,108028402,0,140644486.66666666,37775986.72231558,140644486.66666666,37775986.72231558,1.0,75020406,65156990,80076526,0,76242312.0,17936243.892972052,76242312.0,17936243.892972052,1.0,2672,2659,2553,0,2602.6666666666665,57.36433270479718,2602.6666666666665,57.36433270479718,1.0
20140308,87541725,25219491,2613,1947,270,0.7451205510907003,0.10332950631458095,6029445085,2307479.9406812093,2014,3,8,7,1,1.5148,1.9948,2.5912000000000006,62322234,108072965,202044793,133310908,170792604,135991412.14285713,36616189.8851589,135991412.14285713,36616189.8851589,1.0,67668867,75020406,65156990,48543497,75017534.14285715,16691053.584248254,75017534.14285715,16691053.584248254,1.0,2646,2672,2659,2611,2608.8571428571427,54.86780650323269,2608.8571428571427,54.86780650323269,1.0
20140309,49513744,44853766,2703,1984,230,0.733999260081391,0.08509064002959675,6440258240,2382633.459119497,2014,3,9,1,1,1.5145,1.9948,2.5912000000000006,4659978,87541725,108072965,202044793,112919895,124098429.42857143,36947305.12252788,129935201.25,37981993.53725154,0.9550793644426008,25219491,67668867,75020406,99229280,71685533.28571428,23709359.856204316,68792778.75,23425907.76336596,1.042050264406775,2613,2646,2672,2526,2609.1428571428573,54.88602910100339,2609.375,50.81883087427893,0.9999110350727118
20140310,80440983,117712153,2690,1958,238,0.7278810408921933,0.08847583643122676,6227393842,2315016.298141264,2014,3,10,2,0,1.5048,1.919,2.655,-37271170,49513744,87541725,108072965,116770318,115040407.85714285,46644402.16484003,120999483.77777778,44507597.942612424,0.9507512285624367,44853766,25219491,67668867,89427173,63917602.71428572,22029158.721348602,66132888.44444445,23320627.310576558,0.966502510592446,2703,2613,2646,2595,2634.4285714285716,50.81947508208881,2619.777777777778,56.8655822483551,1.0055923803060964
20140311,179948057,135705836,2700,1953,230,0.7233333333333334,0.08518518518518518,6676705147,2472853.758148148,2014,3,11,3,0,1.4965,1.873,2.42,44242221,80440983,49513744,87541725,108028402,109850502.85714285,48407615.333869964,116943633.7,43878497.62415503,0.9393457290624864,117712153,44853766,25219491,80076526,67958314.14285715,28984268.796940368,71290814.9,27376372.09986675,0.9532548370808025,2690,2703,2613,2553,2648.0,51.21848624601605,2626.8,58.03026030538813,1.0080706563118622
20140312,141289057,157568584,2692,1985,243,0.737369985141159,0.09026745913818722,6526423710,2424377.306835067,2014,3,12,4,0,1.4997,1.9,1.972,-16279527,179948057,80440983,49513744,133310908,120124739.28571428,55122909.39318763,122671308.54545455,45756520.28799241,0.9792407100736464,135705836,117712153,44853766,65156990,75905358.42857143,38818625.45904022,77146725.9090909,32430353.15295903,0.9839090063007692,2700,2690,2703,2659,2669.0,32.485894374841166,2633.4545454545455,59.31165760011028,1.0134976525821595
20140313,110501897,63617785,2753,2038,235,0.7402833272793317,0.08536142390119869,6115786190,2221498.797675263,2014,3,13,5,0,1.4878,1.96,1.87,46884112,141289057,179948057,80440983,202044793,121264474.85714285,55522024.39656656,124222787.58333333,43956928.29837326,0.9761854263316548,157568584,135705836,117712153,75020406,89107014.71428572,48946710.78704916,83848547.41666667,38666382.364597544,1.0627138747137534,2692,2700,2690,2672,2673.714285714286,33.17988489890766,2638.3333333333335,59.02285125014686,1.013410342026893
20140314,107559454,110599008,2742,2000,211,0.7293946024799417,0.07695113056163384,6405153797,2335942.303792852,2014,3,14,6,0,1.4831,1.8765,1.9914999999999998,-3039554,110501897,141289057,179948057,108072965,108186918.28571428,42601617.810194016,123167334.46153846,42257255.86739653,0.8783734645121989,63617785,157568584,135705836,67668867,87478068.85714285,49677924.365097225,82292334.92307693,37443046.48345917,1.0630160019024044,2753,2692,2700,2646,2685.285714285714,44.630760265816235,2647.153846153846,64.84448852684153,1.0144048553080023
20140315,77338323,79127997,2800,2067,226,0.7382142857142857,0.08071428571428571,6255212166,2234004.345,2014,3,15,7,1,1.4818,1.8765,1.9914999999999998,-1789674,107559454,110501897,141289057,87541725,108113559.57142857,42602288.85839905,122052485.85714285,40813189.412306964,0.8857956379353945,110599008,63617785,157568584,25219491,93610946.14285715,49474345.33399639,84314240.14285715,36760990.07851495,1.1102625841642906,2742,2753,2692,2613,2699.0,45.291647500762664,2653.9285714285716,67.26007420764249,1.0169829094334544
20140316,76297905,120976450,2749,1997,212,0.7264459803564932,0.07711895234630775,6093470026,2216613.3233903237,2014,3,16,1,1,1.4816,1.8765,1.9914999999999998,-44678545,77338323,107559454,110501897,49513744,106655930.71428572,43586641.93504659,115377180.07142857,39859594.8596101,0.9244109679943328,79127997,110599008,63617785,44853766,101312161.28571428,40421670.66056343,86498847.28571428,35353545.16655635,1.1712544671383904,2800,2742,2753,2703,2725.714285714286,41.063829524754546,2667.4285714285716,76.33601255755238,1.0218508997429305
20140317,89162439,148887226,2720,1985,285,0.7297794117647058,0.10477941176470588,6166389922,2267055.118382353,2014,3,17,2,0,1.4628,1.869,2.069,-59724787,76297905,77338323,107559454,80440983,110482239.42857143,38627856.71244606,112761323.64285715,41212011.461425684,0.9797884226554121,120976450,79127997,110599008,117712153,112186830.42857143,32080091.4472431,88052216.57142857,36417674.081804104,1.274094336257449,2749,2800,2742,2690,2732.285714285714,40.4998530273641,2683.3571428571427,67.284250234883,1.0182340884286742
20140318,102053461,148449541,2719,1973,248,0.7256344244207429,0.09121000367782273,6561796287,2413312.3527031997,2014,3,18,3,0,1.4726,2.05,1.9720000000000004,-46396080,89162439,76297905,77338323,179948057,111728161.71428572,37625032.51669965,110789332.28571428,41663469.86446289,1.0084740056574246,148887226,120976450,79127997,135705836,116640412.28571428,35005577.43573151,92299363.21428572,39891856.80772208,1.2637184940801538,2720,2749,2800,2700,2736.5714285714284,36.68722367463067,2692.285714285714,62.80179881234255,1.0164491138703173
20140319,102325797,138517328,2748,2022,267,0.7358078602620087,0.09716157205240175,6304324706,2294150.1841339157,2014,3,19,4,0,1.4786,2.8025,1.6094999999999997,-36191531,102053461,89162439,76297905,141289057,100600362.28571428,22607921.589403912,110362550.78571428,41724484.687518634,0.9115443741513842,148449541,148887226,120976450,157568584,118460941.57142857,36463389.652384475,97183150.0,42387596.70090858,1.2189452757132133,2719,2720,2749,2692,2739.285714285714,34.14534758799154,2704.1428571428573,48.53049341608634,1.0129959321675734
20140320,205806532,98464198,2732,2036,245,0.7452415812591509,0.08967789165446559,6572413525,2405715.0530746705,2014,3,20,5,0,1.4772,3.011,1.6079999999999997,107342334,102325797,102053461,89162439,110501897,95034182.28571428,14125859.504291728,108149328.57142857,41232464.30843906,0.8787311353759147,138517328,148449541,148887226,63617785,115739333.57142857,33661237.84404759,102423174.14285715,42657525.26934934,1.1300111965871942,2748,2719,2720,2753,2747.285714285714,27.04141444595857,2710.5,47.98838000375306,1.0135715603341502
20140321,92453740,87716206,2716,1973,239,0.7264359351988218,0.08799705449189986,6142045957,2261430.7647275403,2014,3,21,6,0,1.4787,2.5,2.3949999999999996,4737534,205806532,102325797,102053461,107559454,108649130.14285715,44592478.93812435,108418024.21428572,41898292.46260017,1.0021316190757605,98464198,138517328,148449541,110599008,120717392.57142857,26478861.326337066,104097730.71428572,41953400.74381339,1.1596544107455944,2732,2748,2719,2742,2744.285714285714,27.463395551863105,2714.785714285714,46.95362453680072,1.010866419343805
20140322,73837894,40266305,2827,2041,230,0.7219667492041033,0.08135833038556774,6840075928,2419552.857446056,2014,3,22,7,1,1.4638,2.5,2.3949999999999996,33571589,92453740,205806532,102325797,77338323,106491171.0,45017479.60742535,107302365.28571428,42115576.712226845,0.9924401080670093,87716206,98464198,138517328,79127997,117448420.85714285,29208086.663176134,105529683.5,40944359.2800941,1.112942036419003,2716,2732,2748,2800,2740.5714285714284,29.50625438138577,2719.785714285714,42.58959528304581,1.0076424088032145
20140323,70912027,70106714,2806,2028,238,0.7227369921596579,0.08481824661439771,6634847094,2364521.416250891,2014,3,23,1,1,1.4636,2.5,2.3949999999999996,805313,73837894,92453740,205806532,76297905,105991109.71428572,45412990.69747018,106323520.21428572,42764432.948189005,0.9968735939204227,40266305,87716206,98464198,120976450,111896750.57142857,39563347.4780362,106604455.92857143,38816270.272388786,1.04964421605794,2827,2716,2732,2749,2744.4285714285716,38.853816384224736,2735.0714285714284,39.61441906430296,1.0034211694654098
20140324,93159051,88908573,2861,2049,284,0.7161831527437958,0.09926599091226844,6158639063,2152617.6382383783,2014,3,24,2,0,1.4542,2.5,2.6479999999999997,4250478,70912027,73837894,92453740,89162439,105221698.57142857,46041195.37228775,107851969.0,40920442.914760694,0.9756122168843164,70106714,40266305,87716206,148887226,104629645.42857143,42201582.27056137,108408237.92857143,36226343.5152986,0.9651447844536533,2806,2827,2716,2720,2752.5714285714284,45.39404198371247,2742.4285714285716,42.6483190862093,1.0036984945564411
20140325,111765402,107092302,2795,2003,270,0.7166368515205724,0.09660107334525939,5894543285,2108960.030411449,2014,3,25,3,0,1.446,2.5,2.625,4673100,93159051,70912027,73837894,102053461,105792643.14285715,45833168.17978637,108760402.42857143,40403008.83327963,0.9727128695789503,88908573,70106714,40266305,148449541,96061266.42857143,37550721.53387594,106350839.35714285,36474371.60388267,0.9032487849577058,2861,2806,2827,2719,2772.714285714286,58.05088080214426,2754.6428571428573,50.281679096339396,1.0065603526513678
20140326,58412722,223745394,2915,2086,280,0.7156089193825043,0.09605488850771869,6209675424,2130248.8590051457,2014,3,26,4,0,1.4345,2.52,2.315,-165332672,111765402,93159051,70912027,102325797,107180063.28571428,45848107.29477275,103890212.78571428,34896027.98094173,1.0316666066204494,107092302,88908573,70106714,138517328,90153089.42857143,30531804.923313428,104307015.5,35491375.01530133,0.8643051380237357,2795,2861,2806,2748,2783.5714285714284,53.23801005189533,2761.4285714285716,48.726417231967154,1.0080186239006725
20140327,69895162,99086765,2801,2059,283,0.7350946090681899,0.10103534451981436,6037655595,2155535.7354516243,2014,3,27,5,0,1.4273,2.658,2.28,-29191603,58412722,111765402,93159051,205806532,100906766.85714285,49483168.17096764,97970474.57142857,35092677.74517549,1.0299711958991633,223745394,107092302,88908573,98464198,102328527.42857143,57826265.52285729,109033930.5,45985959.00254249,0.9385016843777032,2915,2795,2861,2732,2807.4285714285716,69.55778687023987,2777.3571428571427,59.53487296451624,1.0108273538564412
20140328,64528052,147229867,2858,2061,258,0.7211336599020294,0.09027291812456263,6018612456,2105882.5948215537,2014,3,28,6,0,1.4255,2.75,2.019,-82701815,69895162,58412722,111765402,92453740,81490856.85714285,18304915.43415715,95069993.5,35650931.55424138,0.8571669551775329,99086765,223745394,107092302,87716206,102417465.57142857,57819809.92370169,111567429.07142857,44235096.35957624,0.9179871439527217,2801,2915,2795,2716,2817.285714285714,61.510742383517275,2780.785714285714,59.40626562581085,1.0131257866481724
20140329,60430311,68079912,2967,2144,230,0.7226154364678126,0.07751937984496124,6680662414,2251655.6838557464,2014,3,29,7,1,1.4259,2.75,2.019,-7649601,64528052,69895162,58412722,73837894,77501472.85714285,18558759.042705614,91996321.92857143,36339653.20831724,0.8424409936444764,147229867,99086765,223745394,40266305,110919417.14285715,59644536.691450134,114183919.0,45245225.94044264,0.9714101435146674,2858,2801,2915,2827,2837.5714285714284,43.24294602536213,2789.0714285714284,61.6284952645401,1.0173893000742695
20140330,40886359,62859950,2906,2071,221,0.7126634549208534,0.0760495526496903,6232373822,2144657.199587061,2014,3,30,1,1,1.4257,2.75,2.019,-21973591,60430311,64528052,69895162,70912027,75586103.85714285,19659126.428109594,90788606.78571428,37136495.827124625,0.8325505427740129,68079912,147229867,99086765,70106714,114892789.57142857,54890302.223384984,113394770.07142857,45993845.177678674,1.013210657767165,2967,2858,2801,2806,2857.5714285714284,64.6267672688265,2801.0,77.91612847750523,1.020196868465344
20140331,107718962,185481145,2874,2044,301,0.7112038970076549,0.10473208072373,5828767213,2028102.7185107863,2014,3,31,2,0,1.431,2.8,1.8170000000000002,-77762183,40886359,60430311,64528052,93159051,71296722.71428572,23707668.50642012,88259210.64285715,39339973.07309498,0.8078105638491316,62859950,68079912,147229867,88908573,113857537.57142857,55934177.492982835,109243591.5,47842428.485951126,1.042235393473205,2906,2967,2858,2861,2871.8571428571427,62.33893532250016,2812.214285714286,81.08986332499231,1.0212085037210128
20140401,109906204,60339787,2926,2064,310,0.7053998632946001,0.10594668489405332,6119386900,2091383.082706767,2014,4,1,3,0,1.4368,2.866,1.7339999999999995,49566417,0,0,0,0,0.0,0.0,0.0,0.0,1.0,0,0,0,0,0.0,0.0,0.0,0.0,1.0,0,0,0,0,0.0,0.0,0.0,0.0,1.0
20140402,101368160,42727217,2929,2103,308,0.7179924889040629,0.10515534312051895,6051843800,2066180.8808467053,2014,4,2,4,0,1.437,2.95,1.6499999999999995,58640943,109906204,0,0,0,109906204.0,0.0,109906204.0,0.0,1.0,60339787,0,0,0,60339787.0,0.0,60339787.0,0.0,1.0,2926,0,0,0,2926.0,0.0,2926.0,0.0,1.0
20140403,82715726,65055821,2995,2152,290,0.7185308848080133,0.09682804674457429,6555163307,2188702.27278798,2014,4,3,5,0,1.4364,2.95,1.6499999999999995,17659905,101368160,109906204,0,0,105637182.0,6037308.810469115,105637182.0,6037308.810469115,1.0,42727217,60339787,0,0,51533502.0,12453967.681122752,51533502.0,12453967.681122752,1.0,2929,2926,0,0,2927.5,2.1213203435596424,2927.5,2.1213203435596424,1.0
20140404,94010570,60177983,3021,2189,260,0.7245945051307514,0.08606421714664018,6206590011,2054481.9632571996,2014,4,4,6,0,1.4338,2.763,1.8340000000000005,33832587,82715726,101368160,109906204,0,97996696.66666667,13905236.323886385,97996696.66666667,13905236.323886385,1.0,65055821,42727217,60339787,0,56040941.666666664,11768674.205157747,56040941.666666664,11768674.205157747,1.0,2995,2929,2926,0,2950.0,39.0,2950.0,39.0,1.0
20140405,56311065,83283965,3040,2175,227,0.7154605263157895,0.07467105263157894,7047717440,2318328.1052631577,2014,4,5,7,1,1.4318,2.763,1.8340000000000005,-26972900,94010570,82715726,101368160,0,97000165.0,11527186.687685942,97000165.0,11527186.687685942,1.0,60177983,65055821,42727217,0,57075202.0,9829203.398369778,57075202.0,9829203.398369778,1.0,3021,2995,2929,0,2967.75,47.68909728648677,2967.75,47.68909728648677,1.0
20140406,45151649,54042043,3053,2200,224,0.7206026858827382,0.0733704552898788,6513632317,2133518.6102194563,2014,4,6,1,1,1.4314,2.763,1.8340000000000005,-8890394,56311065,94010570,82715726,0,88862345.0,20755182.400103666,88862345.0,20755182.400103666,1.0,83283965,60177983,65055821,0,62316954.6,14485847.616999386,62316954.6,14485847.616999386,1.0,3040,3021,2995,0,2982.2,52.43758194272501,2982.2,52.43758194272501,1.0
20140407,55147180,77381687,2968,2104,255,0.7088948787061995,0.08591644204851752,5776223404,1946166.9150943395,2014,4,7,2,0,1.4312,2.763,1.8340000000000005,-22234507,45151649,56311065,94010570,0,81577229.0,25749943.067315593,81577229.0,25749943.067315593,1.0,54042043,83283965,60177983,0,60937802.666666664,13389704.450720482,60937802.666666664,13389704.450720482,1.0,3053,3040,3021,0,2994.0,55.09264923744369,2994.0,55.09264923744369,1.0
20140408,107263240,97400308,2978,2107,296,0.7075218267293486,0.09939556749496306,6189700768,2078475.7447951646,2014,4,8,3,0,1.4263,2.713,1.7240000000000002,9862932,55147180,45151649,56311065,109906204,77801507.71428572,25540989.381125525,77801507.71428572,25540989.381125525,1.0,77381687,54042043,83283965,60339787,63286929.0,13712485.16648571,63286929.0,13712485.16648571,1.0,2968,3053,3040,2926,2990.285714285714,51.243582641192894,2990.285714285714,51.243582641192894,1.0
20140409,104280000,72496991,3003,2124,262,0.7072927072927073,0.08724608724608725,6314633116,2102774.9304029304,2014,4,9,4,0,1.4239,2.74,1.6609999999999996,31783009,107263240,55147180,45151649,101368160,77423941.42857143,25001123.58467444,81484224.25,25838916.640315782,0.9501709335911293,97400308,77381687,54042043,42727217,68581289.14285715,18650374.13485362,67551101.375,17511020.183605522,1.0152504955047026,2978,2968,3053,2929,2997.714285714286,43.564948776565345,2988.75,47.64076885549665,1.0029993427734958
20140410,108186529,94458494,3046,2170,275,0.7124097176625082,0.09028233749179251,6555444030,2152148.401181878,2014,4,10,5,0,1.4202,2.74,1.6349999999999998,13728035,104280000,107263240,55147180,82715726,77839918.57142857,25485447.164636876,84017088.22222222,25336377.21968299,0.9264772228899999,72496991,97400308,77381687,65055821,72834114.0,14760943.804667698,68100644.66666667,16462816.583183827,1.0695069680544482,3003,2978,2968,2995,3008.285714285714,31.388502596302647,2990.3333333333335,44.816291680593146,1.0060034715034156
20140411,64393148,47242139,3027,2085,266,0.688800792864222,0.08787578460521969,6174931608,2039950.9772051536,2014,4,11,6,0,1.4106,2.75,1.4589999999999996,17151009,108186529,104280000,107263240,94010570,81478604.71428572,27992591.613938417,86434032.3,25080319.344289828,0.9426680966530092,94458494,72496991,97400308,60177983,77034495.85714285,16283541.210872984,70736429.6,17617722.258324776,1.0890356820772145,3046,3003,2978,3021,3015.5714285714284,33.62963545672746,2995.9,45.77347606541491,1.0065661165497608
20140412,59009041,47860281,3067,2189,223,0.7137267688294751,0.07270948809911966,6781982929,2211275.816432996,2014,4,12,7,1,1.4099,2.75,1.4589999999999996,11148760,64393148,108186529,104280000,56311065,77247544.42857143,28021006.081189502,84430315.54545455,24703924.095724355,0.914926634225166,47242139,94458494,72496991,83283965,75186518.14285715,19019549.75005998,68600585.0,18152847.642261688,1.0960040376165472,3027,3046,3003,3040,3016.4285714285716,33.86668541431801,2998.7272727272725,44.42542269712447,1.0059029371768111
20140413,56973972,64337290,3094,2178,257,0.7039431157078216,0.08306399482870071,6527205836,2109633.431157078,2014,4,13,1,1,1.4097,2.75,1.4589999999999996,-7363318,59009041,64393148,108186529,45151649,77632969.57142857,27701767.872219954,82311876.0,24670973.78683101,0.9431563626545041,47860281,47242139,94458494,54042043,70125991.85714285,21104311.340476602,66872226.333333336,18314356.765505463,1.0486564557846585,3067,3027,3046,3053,3020.285714285714,38.252295293721865,3004.4166666666665,46.71861286338439,1.0052819063997052
20140414,83229516,195023342,3033,2090,285,0.6890867128255852,0.09396636993076163,6345091722,2092018.371909001,2014,4,14,2,0,1.4048,2.639,1.5260000000000002,-111793826,56973972,59009041,64393148,55147180,79321872.85714285,25677872.750389107,80362806.46153846,24643881.028485693,0.9870470725173864,64337290,47860281,47242139,77381687,71596741.42857143,20132998.084294837,66677231.23076923,17548750.912624605,1.0737809610116507,3094,3067,3027,2968,3026.1428571428573,46.373227087147875,3011.3076923076924,51.167021630774016,1.004926485882881
20140415,137762451,79656246,3111,2183,282,0.7017036322725811,0.09064609450337512,6325558329,2033287.7945998071,2014,4,15,3,0,1.4022,2.449,1.6530000000000005,58106205,83229516,56973972,59009041,107263240,83333635.14285715,23360626.196109775,80567571.42857143,23689467.7792728,1.0343322215779833,195023342,64337290,47860281,97400308,88402692.14285715,51080991.16215819,75844810.57142857,38221625.87529755,1.165573379072546,3033,3094,3067,2978,3035.4285714285716,38.655991958371956,3012.8571428571427,49.50036074904614,1.0074917022285443
20140416,154848291,91723419,3064,2160,278,0.7049608355091384,0.09073107049608355,6423290958,2096374.3335509137,2014,4,16,4,0,1.3958,2.298,1.787,63124872,137762451,83229516,56973972,104280000,87690665.28571428,30362523.948055964,82557303.35714285,27246106.160204183,1.062179379895253,79656246,195023342,64337290,72496991,85867826.14285715,51000278.36231615,77224557.64285715,37966659.82300563,1.1119238330891166,3111,3033,3094,3003,3054.4285714285716,38.40944824240142,3026.0714285714284,49.22235934350021,1.0093709429953972
20140417,134485550,82588559,3121,2198,242,0.7042614546619673,0.0775392502403076,5913747553,1894824.592438321,2014,4,17,5,0,1.3866,2.181,1.8789999999999996,51896991,154848291,137762451,83229516,108186529,94914706.85714285,39583099.07000507,86377312.71428572,33187576.310224753,1.0988383856198058,91723419,79656246,195023342,94458494,88614458.71428572,50676870.39816838,80724286.35714285,36781842.72969872,1.0977422373514079,3064,3111,3033,3046,3063.1428571428573,31.002304061841233,3035.714285714286,41.334337693102704,1.009035294117647
20140418,70274648,93287085,3064,2194,257,0.7160574412532638,0.08387728459530026,6556625846,2139890.941906005,2014,4,18,6,0,1.3841,2.0,1.9300000000000002,-23012437,134485550,154848291,137762451,64393148,98671709.85714285,42213416.617559575,90075157.28571428,35548402.96352288,1.0954375527112397,82588559,91723419,79656246,47242139,86918753.71428572,50647313.14185269,81976624.78571428,36504761.74838567,1.060287050625591,3121,3064,3111,3027,3073.8571428571427,36.553287911525224,3044.714285714286,45.31331706349349,1.009571622953127
20140419,42621071,52910334,3003,2116,241,0.7046287046287046,0.08025308025308026,6468464293,2154000.7635697634,2014,4,19,7,1,1.3835,2.0,1.9300000000000002,-10289263,70274648,134485550,154848291,59009041,99511924.14285715,41469400.071958534,88379734.28571428,35910451.29527906,1.1259586255504535,93287085,82588559,91723419,47860281,93496603.14285715,47529547.19150559,84341560.64285715,36053607.541700654,1.1085472266604939,3064,3121,3064,3067,3079.1428571428573,30.88380682185285,3047.785714285714,45.038750104648976,1.0102884998476647
20140420,70643378,40576595,3126,2153,256,0.6887396033269354,0.0818937939859245,6424107915,2055056.9145873322,2014,4,20,1,1,1.383,2.0,1.9300000000000002,30066783,42621071,70274648,134485550,56973972,97170785.57142857,44489672.90981266,87401877.57142857,37020114.618100986,1.1117700016457477,52910334,93287085,82588559,64337290,94218039.28571428,46753387.026734225,82172015.57142857,37022987.20059044,1.146595207997723,3003,3064,3121,3094,3070.0,42.40283009422834,3045.1428571428573,46.58962767176199,1.0081628823419027
20140421,74214500,59568186,3170,2202,300,0.6946372239747634,0.0946372239747634,7023436903,2215595.237539432,2014,4,21,2,0,1.3866,1.98,1.787,14646314,70643378,42621071,70274648,83229516,99123557.85714285,42695066.59185625,89222715.35714285,35372419.40850633,1.1109677335011456,40576595,52910334,93287085,195023342,90823654.28571428,50031935.819890246,81210197.85714285,37972715.81781156,1.118377453598654,3126,3003,3064,3033,3074.5714285714284,46.907203223872884,3050.3571428571427,51.375850571820344,1.0079381805409202
20140422,88488994,70739989,3173,2170,272,0.683895367160416,0.0857232902615821,6446349141,2031625.9505200125,2014,4,22,3,0,1.3813,1.9262,1.8818,17749005,74214500,70643378,42621071,137762451,97835698.42857143,43384795.32262771,90584666.78571428,34310617.741186894,1.0800470090596026,59568186,40576595,52910334,79656246,71472917.71428572,20483082.24006893,79937804.92857143,38406836.645696245,0.8941065842144461,3170,3126,3003,3111,3094.1428571428573,54.618155014087186,3064.785714285714,54.723330099171314,1.0095788565968258
20140423,69194543,66468067,3063,2117,278,0.6911524649036892,0.09076069213189683,5742971700,1874949.9510284036,2014,4,23,4,0,1.3654,1.963,1.9880999999999998,2726476,88488994,74214500,70643378,154848291,90796633.14285715,39664885.86314298,89243649.21428572,33973837.007714994,1.0174016184035966,70739989,59568186,40576595,91723419,70199166.71428572,20164131.4372783,78033496.42857143,38134375.4141259,0.8996029900895581,3173,3170,3126,3064,3103.0,62.29499712389974,3078.714285714286,55.74175147179047,1.0078882650457055
20140424,71616363,91081537,3126,2184,295,0.6986564299424184,0.09436980166346769,6837430412,2187277.8029430583,2014,4,24,5,0,1.3515,2.303,2.0170000000000003,-19465174,69194543,88488994,74214500,134485550,78560383.42857143,28153667.014014628,86737545.14285715,34073255.722332716,0.9057252346625917,66468067,70739989,59568186,82588559,66591259.28571428,17790736.7106494,77602859.0,38235613.31464285,0.8581031697004138,3063,3173,3170,3121,3102.8571428571427,62.40039682413504,3083.0,51.62736304891639,1.0064408507483433
20140425,90794845,50023467,3085,2164,292,0.7014586709886548,0.0946515397082658,6236708588,2021623.5293354944,2014,4,25,6,0,1.344,2.31,1.9759999999999995,40771378,71616363,69194543,88488994,70274648,69579071.0,13612011.552970387,84125390.42857143,33702193.64137274,0.8270876443548596,91081537,66468067,70739989,93287085,67804541.85714285,19289969.753013767,77361647.78571428,38131609.54216081,0.876461965300379,3126,3063,3173,3064,3103.5714285714284,62.67071922053427,3088.714285714286,51.64438843807581,1.0048101382914758
20140426,53051807,36223827,3011,2159,244,0.7170375290601129,0.08103620059780804,6761715400,2245671.006310196,2014,4,26,7,1,1.3441,2.31,1.9759999999999995,16827980,90794845,71616363,69194543,42621071,72510527.71428572,15817671.135427551,86011225.92857143,33248739.833477087,0.8430356262390974,50023467,91081537,66468067,52910334,61624025.0,16492587.709487708,77560314.07142857,37969516.279674515,0.7945303695295488,3085,3126,3063,3003,3106.5714285714284,60.93947035886552,3092.8571428571427,48.54634129105158,1.0044341801385681
20140427,26819081,36573765,3068,2103,232,0.6854628422425033,0.07561929595827901,6656863804,2169773.078226858,2014,4,27,1,1,1.3439,2.31,1.9759999999999995,-9754684,53051807,90794845,71616363,70643378,74000632.85714285,12720794.109745761,85585709.21428572,33656515.55304375,0.8646377244110152,36223827,50023467,91081537,40576595,59240238.28571428,18980240.910098046,76729138.78571428,38788217.31347565,0.7720696364279258,3011,3085,3126,3126,3107.714285714286,58.70750742938608,3088.8571428571427,52.94824344127467,1.0061048931643697
20140428,69373959,109315096,3184,2187,305,0.6868718592964824,0.09579145728643217,6138371222,1927880.408919598,2014,4,28,2,0,1.3506,2.406,2.1939999999999995,-39941137,26819081,53051807,90794845,74214500,67740019.0,22027907.644205797,83431788.42857143,36475310.245931566,0.8119209749170647,36573765,36223827,50023467,59568186,58668405.428571425,19683519.971591346,74746029.85714285,40156112.15462498,0.7849032990875967,3068,3011,3085,3170,3099.4285714285716,59.779754496142374,3087.0,53.209310926103655,1.004026100236013
20140429,99886273,93217354,3116,2142,298,0.6874197689345315,0.09563543003851091,6203074164,1990716.9974326058,2014,4,29,3,0,1.346,2.604,1.9889999999999999,6668919,69373959,26819081,53051807,88488994,67048513.14285714,21866168.252732962,82442105.78571428,36668679.14994182,0.813279967849577,109315096,36573765,36223827,70739989,65775106.85714286,27493596.1490111,68624012.28571428,23478885.10248383,0.9584852978763456,3184,3068,3011,3173,3101.4285714285716,62.69730760529022,3097.785714285714,56.61635883657731,1.0011759551753556
20140430,80519119,130455056,3211,2273,327,0.7078791653690439,0.10183743382123948,6697362073,2085755.8620367488,2014,4,30,4,0,1.3511,2.5,2.104,-49935937,99886273,69373959,26819081,69194543,68676695.85714285,24044553.384405456,79736664.5,33536642.414029032,0.8612938136776821,93217354,109315096,36573765,66468067,68986159.0,29415522.709780477,69592662.85714285,24236559.946397074,0.991284945391616,3116,3184,3068,3063,3093.285714285714,55.0929949742987,3098.1428571428573,56.72180037130909,0.9984322405127495
20140501,41289558,30303158,3165,2202,248,0.6957345971563981,0.07835703001579779,5936372900,1875631.2480252765,2014,5,1,5,0,1.3364,0.0,0.0,10986400,0,0,0,0,0.0,0.0,0.0,0.0,1.0,0,0,0,0,0.0,0.0,0.0,0.0,1.0,0,0,0,0,0.0,0.0,0.0,0.0,1.0
20140502,36397602,39275287,3216,2246,248,0.6983830845771144,0.07711442786069651,6878670930,2138890.2145522386,2014,5,2,6,0,1.3362,0.0,0.0,-2877685,41289558,0,0,0,41289558.0,0.0,41289558.0,0.0,1.0,30303158,0,0,0,30303158.0,0.0,30303158.0,0.0,1.0,3165,0,0,0,3165.0,0.0,3165.0,0.0,1.0
20140503,60124756,35459457,3108,2128,207,0.6846846846846847,0.06660231660231661,6671060068,2146415.7232947233,2014,5,3,7,1,1.3361,0.0,0.0,24665299,36397602,41289558,0,0,38843580.0,3459135.2608662182,38843580.0,3459135.2608662182,1.0,39275287,30303158,0,0,34789222.5,6344253.257580478,34789222.5,6344253.257580478,1.0,3216,3165,0,0,3190.5,36.062445840513924,3190.5,36.062445840513924,1.0
20140504,127995009,100483936,3249,2257,296,0.6946752847029856,0.09110495537088335,6560270400,2019166.0203139428,2014,5,4,1,1,1.3543,2.4,2.1,27511073,60124756,36397602,41289558,0,45937305.333333336,12527794.127092341,45937305.333333336,12527794.127092341,1.0,35459457,39275287,30303158,0,35012634.0,4502722.81993429,35012634.0,4502722.81993429,1.0,3108,3216,3165,0,3163.0,54.0277706369604,3163.0,54.0277706369604,1.0
20140505,105875149,137121950,3128,2138,320,0.6835038363171355,0.10230179028132992,6511439828,2081662.3491048594,2014,5,5,2,0,1.3378,2.37,1.6879999999999997,-31246801,127995009,60124756,36397602,0,66451731.25,42284714.731080145,66451731.25,42284714.731080145,1.0,100483936,35459457,39275287,0,51380459.5,32941450.91303517,51380459.5,32941450.91303517,1.0,3249,3108,3216,0,3184.5,61.603571325045756,3184.5,61.603571325045756,1.0
20140506,74683427,69763969,3157,2158,290,0.6835603420969275,0.09185936015204307,6267569139,1985292.7269559707,2014,5,6,3,0,1.3831,2.37,1.5709999999999997,4919458,105875149,127995009,60124756,0,74336414.8,40642822.2240388,74336414.8,40642822.2240388,1.0,137121950,100483936,35459457,0,68528757.6,47793043.73885647,68528757.6,47793043.73885647,1.0,3128,3249,3108,0,3173.2,59.03134760447198,3173.2,59.03134760447198,1.0
20140507,104463280,63464872,3262,2255,286,0.6912936848559166,0.08767627222562845,6564719962,2012483.1275291233,2014,5,7,4,0,1.3393,2.37,1.512,40998408,74683427,105875149,127995009,0,74394250.16666667,36352321.35979328,74394250.16666667,36352321.35979328,1.0,69763969,137121950,100483936,0,68734626.16666667,42750372.10434368,68734626.16666667,42750372.10434368,1.0,3157,3128,3249,0,3170.5,53.21184078755403,3170.5,53.21184078755403,1.0
20140508,132713611,98047485,3258,2235,273,0.6860036832412523,0.08379373848987108,6628984616,2034679.1332105587,2014,5,8,5,0,1.3221,2.23,1.56,34666126,104463280,74683427,105875149,41289558,78689825.85714285,35077150.926583804,78689825.85714285,35077150.926583804,1.0,63464872,69763969,137121950,30303158,67981804.14285715,39076366.8928753,67981804.14285715,39076366.8928753,1.0,3262,3157,3128,3165,3183.5714285714284,59.62901179475514,3183.5714285714284,59.62901179475514,1.0
20140509,72124635,86451231,3172,2199,298,0.6932534678436317,0.09394703656998739,6465268110,2038230.8039092056,2014,5,9,6,0,1.3244,2.2205,1.5525000000000002,-14326596,132713611,104463280,74683427,36397602,91750404.85714285,35842659.316859916,85442799.0,37675659.61840697,1.073822556505234,98047485,63464872,69763969,39275287,77659565.14285715,36492981.24688426,71740014.25,37707003.36051216,1.0825139352806463,3258,3262,3157,3216,3196.8571428571427,64.92669859523274,3192.875,61.156561381424986,1.0012471966040457
20140510,72043237,36673994,3278,2274,264,0.6937156802928615,0.08053691275167785,6451545210,1968134.5973154362,2014,5,10,7,1,1.3117,2.2205,1.5525000000000002,35369243,72124635,132713611,104463280,60124756,96854266.71428572,28422613.000840068,83963003.0,35520861.159836024,1.153535048219818,86451231,98047485,63464872,35459457,84398985.71428572,32343026.38446694,73374593.8888889,35610918.19918151,1.1502480796294567,3172,3258,3262,3108,3190.5714285714284,64.89441974689127,3190.5555555555557,57.6283591452835,1.000004975000622
20140511,56869029,39948139,3336,2324,293,0.6966426858513189,0.08782973621103117,7419698539,2224130.257494005,2014,5,11,1,1,1.3115,2.2205,1.5525000000000002,16920890,72043237,72124635,132713611,127995009,98556906.85714285,26119299.801593065,82771026.4,33700849.57655793,1.190717466530569,36673994,86451231,98047485,100483936,84572491.0,32038556.898943387,69704533.9,35523608.09517189,1.2132997133490622,3278,3172,3258,3249,3214.8571428571427,60.50462398701047,3199.3,60.96456165493013,1.004862670852106
20140512,118324330,56287786,3281,2241,296,0.6830234684547394,0.09021639743980493,6653506883,2027889.9369094789,2014,5,12,2,0,1.3083,2.2135,1.4465000000000003,62036544,56869029,72043237,72124635,105875149,88396052.57142857,26589106.530379254,80416299.36363636,32911467.143492807,1.0992305449385127,39948139,36673994,86451231,137121950,75924520.0,35055816.59181775,66999407.09090909,34874473.19279979,1.1332118192774563,3336,3278,3172,3128,3227.285714285714,75.71154532327338,3211.7272727272725,71.0198435778211,1.0048442598755374
20140513,112945695,69687980,3199,2206,280,0.6895904970303219,0.087527352297593,6846303441,2140138.6186308223,2014,5,13,3,0,1.3022,2.35,1.267,43257715,118324330,56869029,72043237,74683427,90174507.0,28313501.47104099,83575301.91666667,33233217.113083664,1.0789611874799259,56287786,39948139,36673994,69763969,64376782.28571428,22658647.432681147,66106772.0,33394972.48808849,0.9738303707480118,3281,3336,3278,3157,3249.1428571428573,63.346740435554516,3217.5,70.60582000219111,1.0098346098346098
20140514,109674654,47101364,3211,2205,258,0.6867019620056057,0.08034880099657428,6418580409,1998935.0386172533,2014,5,14,4,0,1.2986,2.3666,1.2008999999999999,62573290,112945695,118324330,56869029,104463280,95640545.28571428,28517061.01874959,85834562.92307693,32844556.274686176,1.1142428181457074,69687980,56287786,39948139,63464872,64365926.71428572,22655654.321577676,66382249.538461536,31988675.822672993,0.9696255725258667,3199,3281,3336,3262,3255.1428571428573,54.54181445285376,3216.076923076923,67.79437235550542,1.0121470770134935
20140515,107403299,51007459,3223,2206,276,0.68445547626435,0.08563450201675457,6714644725,2083352.3813217499,2014,5,15,5,0,1.2971,2.35,1.3009999999999997,56395840,109674654,112945695,118324330,132713611,96385027.28571428,28851841.07444441,87537426.57142857,32192846.841232896,1.101072204893598,47101364,69687980,56287786,98047485,62028282.71428572,23589097.786389742,65005043.428571425,31162728.43346971,0.9542072344347156,3211,3199,3281,3258,3247.8571428571427,56.831413178008546,3215.714285714286,65.14885744488248,1.0099955575299866
20140516,74042848,110227301,3284,2256,272,0.6869671132764921,0.0828258221680877,6783543517,2065634.4448842874,2014,5,16,6,0,1.2986,2.37,1.3199999999999998,-36184453,107403299,109674654,112945695,72124635,92769268.42857143,24848516.83167059,92259836.64285715,29634314.02984093,1.0055217069989655,51007459,47101364,69687980,86451231,55308279.0,17543468.294768114,66483922.071428575,29852967.554344196,0.8319045759751995,3223,3211,3199,3172,3242.8571428571427,57.32779596736811,3219.8571428571427,63.499069820997114,1.0071431740538621
20140517,58925977,17650416,3246,2244,229,0.6913123844731978,0.07054836722119531,6514890483,2007051.904805915,2014,5,17,7,1,1.2818,2.37,1.3199999999999998,41275561,74042848,107403299,109674654,72043237,93043298.85714285,24592156.664066516,94948782.78571428,25610314.57041314,0.9799314549100452,110227301,51007459,47101364,36673994,58704860.428571425,25206142.899476472,71551923.07142857,30883383.923228484,0.820451189969664,3284,3223,3211,3278,3258.8571428571427,49.32689790715469,3224.714285714286,65.7424211150298,1.0105878704647144
20140518,42069852,37523324,3214,2184,228,0.6795270690728065,0.07093963907902924,6931902383,2156783.5665836963,2014,5,18,1,1,1.2816,2.37,1.3199999999999998,4546528,58925977,74042848,107403299,56869029,91169404.57142857,26854713.150834963,94863155.71428572,25737392.44503964,0.9610623206128394,17650416,110227301,51007459,39948139,55987206.428571425,28753280.010322478,70279848.71428572,32792161.547231536,0.7966324266886329,3246,3284,3223,3336,3254.285714285714,48.73641446842489,3234.5714285714284,56.60757530947229,1.0060948679445278
20140519,81221869,89196711,3315,2266,309,0.6835595776772248,0.09321266968325792,7284435169,2197416.3405731525,2014,5,19,2,0,1.3283,2.396,1.3400000000000003,-7974842,42069852,58925977,74042848,118324330,89055236.42857143,30359007.615262203,88725644.5,27419000.162093863,1.003714731298136,37523324,17650416,110227301,56287786,55640804.28571428,28992326.505927615,65782662.14285714,32648234.220122524,0.8458277982864504,3214,3246,3284,3281,3236.8571428571427,34.328941004292425,3232.0714285714284,56.694137922057386,1.0014806957059825
20140520,105279373,131789074,3381,2298,307,0.6796805678793256,0.09080153800650695,7371944220,2180403.4960070984,2014,5,20,3,0,1.3308,2.427,1.6679999999999997,-26509701,81221869,42069852,58925977,112945695,83754884.85714285,27501641.70740247,86964695.92857143,27021655.692194495,0.9630906422755164,89196711,37523324,17650416,69687980,60342079.28571428,31660165.195025247,62359430.78571428,26532502.6813598,0.9676496165121804,3315,3214,3246,3199,3241.714285714286,42.94071217277098,3245.4285714285716,52.13402002489395,0.9988555330574874
20140521,79065201,94458696,3332,2262,284,0.6788715486194478,0.08523409363745499,6890527427,2067985.4222689075,2014,5,21,4,0,1.323,2.528,1.6720000000000002,-15393495,105279373,81221869,42069852,109674654,82659696.0,26270534.51492766,89150120.64285715,27188715.257659405,0.9271966813274619,131789074,89196711,37523324,47101364,69213664.14285715,41794314.664112724,66789795.428571425,32394814.897909246,1.036291003718943,3381,3315,3214,3211,3267.714285714286,63.1234617917256,3261.4285714285716,57.048851246729285,1.0019272886552781
20140522,89219944,102846840,3320,2249,263,0.6774096385542169,0.07921686746987952,6965546371,2098056.1358433734,2014,5,22,5,0,1.2887,2.51,1.6930000000000005,-13626896,79065201,105279373,81221869,107403299,78286917.0,23416909.728809956,87335972.14285715,26934504.541275624,0.8963879954521439,94458696,131789074,89196711,51007459,75978997.28571428,41449885.64033415,69003640.0,33199177.299263306,1.1010868018805136,3332,3381,3315,3223,3285.0,61.55214591439245,3266.4285714285716,60.08931081919032,1.0056855455937022
20140523,69031404,37685154,3246,2209,274,0.6805298829328404,0.08441158348736907,6329923078,1950068.7239679606,2014,5,23,6,0,1.281,2.53,1.5385000000000004,31346250,89219944,79065201,105279373,74042848,75689294.85714285,20472110.543032195,84229281.64285715,23599830.235898737,0.8986102383975572,102846840,94458696,131789074,110227301,83384623.14285715,40871665.62341507,69346451.07142857,33545126.70711044,1.2024353352555694,3320,3332,3381,3284,3298.8571428571427,55.92980294210641,3270.8571428571427,61.6838803813532,1.0085604472396925
20140524,37714380,51609270,3361,2269,235,0.6750966974114847,0.0699196667658435,7077150527,2105668.112764058,2014,5,24,7,1,1.2488,2.53,1.5385000000000004,-13894890,69031404,89219944,79065201,58925977,74973374.28571428,20626329.403931145,84008336.57142857,23735960.082471278,0.8924515988001708,37685154,102846840,94458696,17650416,73021459.28571428,42109191.93889492,65863159.85714286,34158656.548546575,1.108684421520282,3246,3320,3332,3246,3293.4285714285716,59.3516558119404,3276.1428571428573,55.412935372468915,1.005276239480225
20140525,51542180,68613419,3377,2265,267,0.6707136511696772,0.07906425821735268,6664633444,1973536.7023985786,2014,5,25,1,1,1.2486,2.53,1.5385000000000004,-17071239,37714380,69031404,89219944,42069852,71943146.14285715,24559826.63290413,81556275.35714285,26660162.966175355,0.8821288837408419,51609270,37685154,102846840,37523324,77872724.14285715,36209782.96662364,66929965.28571428,33401764.765364956,1.163495660134139,3361,3246,3320,3214,3309.8571428571427,59.94839050224386,3282.0714285714284,59.88638510445525,1.0084659078543603
20140526,103082681,116995233,3308,2240,319,0.6771463119709794,0.0964328899637243,6731948909,2035051.0607617896,2014,5,26,2,0,1.249,2.5025,1.5974999999999997,-13912552,51542180,37714380,69031404,81221869,73296335.85714285,22840309.26974736,81175786.14285715,27074391.44965381,0.9029334896511177,68613419,51609270,37685154,89196711,82314166.28571428,32110398.30704283,68977485.28571428,32486606.58382652,1.193348321481388,3377,3361,3246,3315,3333.1428571428573,46.7027071714569,3285.0,63.613012698781866,1.0146553598608394
20140527,79139272,148687106,3343,2253,302,0.6739455578821418,0.09033801974274604,6451130116,1929742.780735866,2014,5,27,3,0,1.2548,2.541,1.459,-69547834,103082681,51542180,37714380,105279373,76419309.0,25450016.10294211,80087096.92857143,25739223.366294112,0.9542025111505454,116995233,68613419,51609270,131789074,86285383.71428572,34716660.42950009,73313731.5,34642535.088527754,1.176933460470304,3308,3377,3361,3381,3332.1428571428573,47.227917490359374,3286.9285714285716,63.891090369248126,1.0137557859052089
20140528,82116154,76974169,3224,2204,290,0.6836228287841191,0.08995037220843673,6878929819,2133663.095223325,2014,5,28,4,0,1.2597,2.51,1.4300000000000002,5141985,79139272,103082681,51542180,79065201,72685008.85714285,22222735.50360362,77672352.42857143,23942521.049012616,0.9357899765426184,148687106,116995233,68613419,94458696,88699388.28571428,38760108.91017628,78956526.21428572,40022677.94122372,1.123395272545131,3343,3308,3377,3332,3326.714285714286,42.63689437452918,3297.214285714286,60.12701756912842,1.008946946556617
20140529,120099155,88514021,3348,2240,266,0.6690561529271206,0.07945041816009558,6518523152,1946990.1887694146,2014,5,29,5,0,1.2381,2.51,1.367,31585134,82116154,79139272,103082681,89219944,73120859.28571428,22397952.76110449,75703888.14285715,22176786.59508471,0.9658798389288994,76974169,148687106,116995233,102846840,86201598.71428572,38890261.696900964,81090298.0,38976352.17626524,1.0630322102686776,3224,3343,3308,3320,3311.285714285714,57.39254970729882,3298.1428571428573,58.77840674006979,1.003984926582059
20140530,54720238,74636706,3250,2225,283,0.6846153846153846,0.08707692307692308,6243313080,1921019.4092307691,2014,5,30,6,0,1.279,2.57,1.2910000000000004,-19916468,120099155,82116154,79139272,69031404,77532175.14285715,28347755.683571547,76610735.0,23774747.594560392,1.0120275590993502,88514021,76974169,148687106,37685154,84154053.14285715,38239706.38925578,83769338.14285715,38026995.72697268,1.0045925515054677,3348,3224,3343,3246,3315.285714285714,59.052841550920256,3307.0714285714284,55.90990594177014,1.0024838549428714
20140531,58726918,39989340,3294,2226,222,0.6757741347905283,0.06739526411657559,6287509446,1908776.3952641166,2014,5,31,7,1,1.2376,2.57,1.2910000000000004,18737578,54720238,120099155,82116154,37714380,75487722.85714285,29553438.55887521,75230548.57142857,24485526.513842948,1.0034184821272452,74636706,88514021,76974169,51609270,89432846.28571428,32938864.021577984,81227152.78571428,37304964.13048225,1.1010215576760087,3250,3348,3224,3361,3315.8571428571427,58.28501400139533,3304.6428571428573,57.69896298609124,1.003393494001945
20140601,67588896,45103844,3352,2292,254,0.6837708830548926,0.07577565632458234,7110410940,2121244.313842482,2014,6,1,1,1,1.2364,0.0,0.0,22485052,0,0,0,0,0.0,0.0,0.0,0.0,1.0,0,0,0,0,0.0,0.0,0.0,0.0,1.0,0,0,0,0,0.0,0.0,0.0,0.0,1.0
20140602,47606746,39245470,3317,2216,237,0.6680735604461863,0.07145010551703346,6970131977,2101336.140186916,2014,6,2,2,0,1.2305,0.0,0.0,8361276,67588896,0,0,0,67588896.0,0.0,67588896.0,0.0,1.0,45103844,0,0,0,45103844.0,0.0,45103844.0,0.0,1.0,3352,0,0,0,3352.0,0.0,3352.0,0.0,1.0
20140603,68230126,116572099,3353,2243,309,0.6689531762600656,0.0921562779600358,6513389025,1942555.6292872054,2014,6,3,3,0,1.2473,2.521,1.1950000000000003,-48341973,47606746,67588896,0,0,57597821.0,14129513.767686771,57597821.0,14129513.767686771,1.0,39245470,45103844,0,0,42174657.0,4142495.982126959,42174657.0,4142495.982126959,1.0,3317,3352,0,0,3334.5,24.748737341529164,3334.5,24.748737341529164,1.0
20140604,83126703,89077982,3470,2310,320,0.6657060518731989,0.09221902017291066,7058817564,2034241.3729106628,2014,6,4,4,0,1.2611,2.561,1.37,-5951279,68230126,47606746,67588896,0,61141922.666666664,11726190.750905996,61141922.666666664,11726190.750905996,1.0,116572099,39245470,45103844,0,66973804.333333336,43053144.62222348,66973804.333333336,43053144.62222348,1.0,3353,3317,3352,0,3340.6666666666665,20.502032419575706,3340.6666666666665,20.502032419575706,1.0
20140605,114855418,130374054,3281,2229,263,0.6793660469369095,0.08015848826577263,6368447167,1941007.9753124048,2014,6,5,5,0,1.2818,2.576,1.302,-15518636,83126703,68230126,47606746,0,66638117.75,14577437.175099937,66638117.75,14577437.175099937,1.0,89077982,116572099,39245470,0,72499848.75,36849208.61413379,72499848.75,36849208.61413379,1.0,3470,3353,3317,0,3373.0,66.79820356865902,3373.0,66.79820356865902,1.0
20140606,98290310,77076032,3412,2319,320,0.6796600234466589,0.09378663540445487,6772693054,1984962.7942555686,2014,6,6,6,0,1.2476,2.5808,1.4032,21214278,114855418,83126703,68230126,0,76281577.8,24987153.99210601,76281577.8,24987153.99210601,1.0,130374054,89077982,116572099,0,84074689.8,41088719.35555779,84074689.8,41088719.35555779,1.0,3281,3470,3353,0,3354.6,70.98802715951477,3354.6,70.98802715951477,1.0
20140607,46857279,45293247,3408,2278,265,0.6684272300469484,0.07775821596244131,6943883247,2037524.4269366197,2014,6,7,7,1,1.2474,2.5808,1.4032,1564032,98290310,114855418,83126703,0,79949699.83333333,24087694.103187382,79949699.83333333,24087694.103187382,1.0,77076032,130374054,89077982,0,82908246.83333333,36861766.39542316,82908246.83333333,36861766.39542316,1.0,3412,3281,3470,0,3364.1666666666665,67.67988376664572,3364.1666666666665,67.67988376664572,1.0
20140608,86068633,51428704,3442,2298,255,0.6676350958744915,0.07408483439860546,6717439060,1951609.2562463684,2014,6,8,1,1,1.2473,2.5808,1.4032,34639929,46857279,98290310,114855418,67588896,75222211.14285715,25297395.47668894,75222211.14285715,25297395.47668894,1.0,45293247,77076032,130374054,45103844,77534675.42857143,36530148.357032634,77534675.42857143,36530148.357032634,1.0,3408,3412,3281,3352,3370.4285714285716,63.965764652812965,3370.4285714285716,63.965764652812965,1.0
20140609,120321256,65958728,3427,2318,272,0.6763933469506858,0.07936971111759557,6587719817,1922299.3338196673,2014,6,9,2,0,1.2719,2.58,1.5809999999999995,54362528,86068633,46857279,98290310,47606746,77862173.57142857,25332261.588361543,76578013.875,23732703.675185762,1.0167693001090983,51428704,45293247,77076032,39245470,78438226.85714285,35662208.089033924,74271429.0,35057181.77924582,1.0561022981952166,3442,3408,3412,3317,3383.285714285714,68.52667190156518,3379.375,64.40039374325073,1.001157230045708
20140610,102256504,61160819,3361,2229,285,0.6631954775364475,0.08479619160963998,6355558302,1890972.4195180007,2014,6,10,3,0,1.2628,2.57,1.589,41095685,120321256,86068633,46857279,68230126,88249960.71428572,25762960.47350463,81438374.1111111,26560195.50738161,1.0836409945252734,65958728,51428704,45293247,116572099,82254406.57142857,32011668.76597129,73347795.55555555,32909848.58173107,1.1214298391439306,3427,3442,3408,3353,3399.0,63.1981012372998,3384.6666666666665,62.29767250869021,1.0042347843214496
20140611,89806308,49267004,3300,2263,289,0.6857575757575758,0.08757575757575757,7401346953,2242832.41,2014,6,11,4,0,1.2723,2.592,1.7890000000000001,40539304,102256504,120321256,86068633,83126703,93110871.85714285,24536948.55726825,83520187.1,25892098.670328535,1.1148307384136937,61160819,65958728,51428704,89077982,74338509.42857143,28801293.5272909,72129097.9,31266125.132461786,1.030631348414125,3361,3427,3442,3470,3400.1428571428573,62.29346828100191,3382.3,59.20970265833887,1.0052753620739903
20140612,98724304,91817646,3391,2277,274,0.6714833382483043,0.08080212326747273,6622885932,1953077.5381893248,2014,6,12,5,0,1.2625,2.597,2.1220000000000003,6906658,89806308,102256504,120321256,114855418,94065101.14285715,24211683.497924995,84091652.63636364,24636416.087783366,1.1186021227293694,49267004,61160819,65958728,130374054,68651226.85714285,29331436.788626287,70050725.72727273,30452084.69860348,0.9800216363842035,3300,3361,3427,3281,3375.8571428571427,63.64335150254259,3374.818181818182,61.40817239068132,1.0003078568927233
20140613,49225430,53074661,3405,2296,264,0.674302496328928,0.07753303964757709,6437898343,1890719.0434654918,2014,6,13,6,0,1.2801,2.6,2.214,-3849231,98724304,89806308,102256504,98290310,91760656.28571428,22618323.472973872,85311040.25,23866678.15672981,1.0756011885075365,91817646,49267004,61160819,77076032,63143168.571428575,16716278.230888257,71864635.75,29707070.18420464,0.8786403480995668,3391,3300,3361,3412,3391.5714285714284,47.96824346327872,3376.1666666666665,58.73644266526276,1.004562796634673
20140614,55058400,69746819,3560,2379,281,0.6682584269662921,0.07893258426966292,7301101743,2050871.2761235954,2014,6,14,7,1,1.2678,2.6,2.214,-14688419,49225430,98724304,89806308,46857279,84751387.71428572,27362478.922093313,82535224.07692307,24946285.353357665,1.0268511252274202,53074661,91817646,49267004,45293247,59714401.28571428,15819601.72831168,70419253.07692307,28915847.234397694,0.8479840196612813,3405,3391,3300,3408,3390.5714285714284,47.54246222363449,3378.3846153846152,56.80161156977046,1.0036072900436843
20140615,47716407,34960464,3377,2278,226,0.6745632217944921,0.06692330470832099,7004403214,2074149.604382588,2014,6,15,1,1,1.2677,2.6,2.214,12755943,55058400,49225430,98724304,86068633,85922976.42857143,25587540.00131878,80572593.78571428,25067378.20246183,1.0664044979994896,69746819,53074661,91817646,51428704,63207768.71428572,14769412.058817843,70371222.07142857,27782028.675579336,0.8982047895960686,3560,3405,3391,3442,3412.285714285714,80.2739357569116,3391.3571428571427,73.03593124447221,1.006171149350239
20140616,100389106,201966370,3348,2195,278,0.6556152927120669,0.08303464755077658,6427483905,1919798.0600358422,2014,6,16,2,0,1.2581,2.6,2.4579999999999997,-101577264,47716407,55058400,49225430,120321256,80444087.0,29376652.708073005,79153130.28571428,26387058.56811935,1.0163096103669662,34960464,69746819,53074661,65958728,60855163.0,17931507.549232405,69646694.92857143,28611545.227216452,0.8737695745995141,3377,3560,3405,3427,3403.0,80.02291338527147,3393.1428571428573,72.30156625908238,1.0029050185247557
20140617,87667560,192557111,3416,2304,325,0.6744730679156908,0.09514051522248243,7171867505,2099492.829332553,2014,6,17,3,0,1.2436,2.6,2.3409999999999997,-104889551,100389106,47716407,55058400,102256504,77596637.0,25589013.661213733,82923298.85714285,25280568.832821958,0.9357639899695811,201966370,34960464,69746819,61160819,80284826.14285715,56528720.538475536,81269616.35714285,44145769.43065753,0.9878824306250198,3348,3377,3560,3361,3391.714285714286,81.62865976627387,3395.3571428571427,70.23543609543889,0.9989271063426949
20140618,132827112,154588453,3515,2382,342,0.6776671408250355,0.0972972972972973,7326126972,2084246.6492176387,2014,6,18,4,0,1.2244,2.639,2.3330000000000006,-21761341,87667560,100389106,47716407,89806308,75512502.14285715,23775669.79013642,84311687.0,24943050.62604106,0.8956350516726957,192557111,201966370,34960464,49267004,99055725.0,69457288.15227643,86697117.21428572,52668242.45836956,1.1425492355780182,3416,3348,3377,3300,3399.5714285714284,80.82255696453625,3399.8571428571427,69.32516153589562,0.9999159628555822
20140619,167045053,96105271,3538,2368,372,0.6693046919163369,0.10514414923685698,6407280765,1810989.4756924817,2014,6,19,5,0,1.193,2.698,2.5349999999999997,70939782,132827112,87667560,100389106,98724304,81658331.28571428,32166100.038291067,87861716.21428572,28098630.463300623,0.9293960419183935,154588453,192557111,201966370,91817646,114101646.28571428,68271758.64851308,91376436.57142857,55717894.83991361,1.2486987955206759,3515,3416,3348,3391,3430.285714285714,77.45905216244752,3403.0714285714284,73.73076206526879,1.0079969775203073
20140620,93067502,75211539,3526,2311,324,0.6554169030062393,0.09188882586500284,6493980010,1841741.3528077141,2014,6,20,6,0,1.2332,2.759,2.6759999999999997,17855963,167045053,132827112,87667560,49225430,91418438.28571428,45717930.3809568,91589547.28571428,34652912.172366716,0.9981317846296781,96105271,154588453,192557111,53074661,114714164.14285715,68057408.09735341,88928666.35714285,54614702.91874223,1.2899570952988118,3538,3515,3416,3405,3451.285714285714,84.62803768199271,3421.4285714285716,72.98968766541272,1.0087265135699373
20140621,51354214,42225828,3460,2292,261,0.6624277456647398,0.0754335260115607,7303289457,2110777.2997109825,2014,6,21,7,1,1.1774,2.759,2.6759999999999997,9128386,93067502,167045053,132827112,55058400,97681591.42857143,41810395.042794734,91216489.57142857,34603303.42912429,1.0708764598102656,75211539,96105271,154588453,69746819,117876575.28571428,65168867.71739219,88795488.28571428,54648091.95478209,1.3275063582783255,3526,3538,3515,3560,3468.5714285714284,85.94544227368344,3429.5714285714284,78.04112750606302,1.0113716832590494
20140622,46551286,82947929,3450,2273,284,0.658840579710145,0.08231884057971015,6315753766,1830653.2655072464,2014,6,22,1,1,1.1773,2.759,2.6759999999999997,-36396643,51354214,93067502,167045053,47716407,97152422.0,42458183.56860282,91537699.21428572,34178118.1673883,1.0613378185590012,42225828,75211539,96105271,34960464,113945005.14285715,69258271.87136696,88576386.92857143,54841728.63267437,1.2864038497612589,3460,3526,3538,3377,3454.285714285714,75.94452862827855,3433.285714285714,78.1728150381514,1.0061165896891773
20140623,61235370,143721974,3508,2334,346,0.6653363740022805,0.09863169897377423,6864383706,1956779.8477765108,2014,6,23,2,0,1.1818,2.755,2.771,-82486604,46551286,51354214,93067502,100389106,96985976.14285715,42685957.03413048,88715031.57142857,36234483.41752456,1.0932304754326696,82947929,42225828,75211539,201966370,120800357.28571428,62147055.91644365,90827760.14285715,53837194.20998734,1.329993793700463,3450,3460,3526,3348,3464.714285714286,68.17798834842584,3433.8571428571427,78.27059290874007,1.0089861463576986
20140624,81325145,131451075,3517,2335,307,0.663918112027296,0.08729030423656525,6947894034,1975517.2118282628,2014,6,24,3,0,1.1875,2.971,2.667,-50125930,61235370,46551286,51354214,87667560,91392585.28571428,44684202.96053468,84494611.14285715,35707144.67193192,1.0816380364328153,143721974,82947929,42225828,192557111,112479729.28571428,52640903.44834802,96382277.71428572,55071392.14676431,1.16701671669503,3508,3450,3460,3416,3487.5714285714284,45.613803257556256,3439.6428571428573,80.68133626792512,1.0139341709064478
20140625,88779754,133408466,3497,2344,343,0.6702888189877038,0.09808407206176722,6552059043,1873622.8318558764,2014,6,25,4,0,1.1376,2.995,2.497,-44628712,81325145,61235370,46551286,132827112,90486526.0,44836367.12504732,82999514.07142857,35342574.687793896,1.090205491108396,131451075,143721974,82947929,154588453,103750295.57142857,40907399.69805903,101403010.28571428,54816840.365913205,1.0231480828734822,3517,3508,3450,3515,3502.0,33.59067330872269,3450.785714285714,79.75170947907739,1.0148413404814638
20140626,77771416,151135668,3529,2348,354,0.6653442901671862,0.1003117030320204,6244182569,1769391.4902238594,2014,6,26,5,0,1.1175,2.974,2.061,-73364252,88779754,81325145,61235370,167045053,84194046.28571428,40814253.31708244,82926188.78571428,35328428.376276664,1.0152889879369256,133408466,131451075,143721974,96105271,100724583.14285715,37129270.51279905,107413114.71428572,53251222.38451689,0.9377307734793858,3497,3517,3508,3538,3499.4285714285716,33.115238903245846,3464.8571428571427,67.5458330353514,1.0099777356312363
20140627,72908726,130116349,3436,2264,341,0.6589057043073341,0.09924330616996507,6439849864,1874228.7147846334,2014,6,27,6,0,1.1403,2.885,2.127,-57207623,77771416,88779754,81325145,93067502,71440669.57142857,18408513.365138117,81429553.92857143,35050408.18987607,0.8773309704495625,151135668,133408466,131451075,75211539,108586068.42857143,41550802.53616058,111650116.28571428,54265102.38546455,0.9725566980216849,3529,3497,3517,3526,3498.1428571428573,31.503590120432175,3474.714285714286,65.99000923383268,1.0067425893187518
20140628,35904857,92162850,3398,2265,280,0.6665685697469099,0.0824014125956445,6599965601,1942308.8878752207,2014,6,28,7,1,1.1247,2.885,2.127,-56257993,72908726,77771416,88779754,51354214,68560844.42857143,15862018.286338111,83121217.92857143,33930176.28662303,0.824829642023386,130116349,151135668,133408466,42225828,116429612.71428572,39323149.68430635,117153094.0,51714509.55178295,0.9938244799090472,3436,3529,3497,3460,3485.285714285714,36.24782423683886,3476.9285714285716,63.95967995026754,1.0024035992357787
20140629,54286078,98769015,3644,2391,277,0.6561470911086718,0.07601536772777168,6805295288,1867534.3819978046,2014,6,29,1,1,1.1245,2.885,2.127,-44482937,35904857,72908726,77771416,46551286,66353793.428571425,19347134.19824805,81753107.71428572,35498643.58011446,0.8116363436661946,92162850,130116349,151135668,82947929,123563473.0,25833734.325621996,118754239.07142857,50465786.23537255,1.0404973663776227,3398,3436,3529,3450,3476.4285714285716,48.842799342575,3465.3571428571427,62.41006716481311,1.003194888178914
20140630,100823143,119652402,3511,2262,359,0.6442608943320991,0.10225007120478496,6483224518,1846546.4306465394,2014,6,30,2,0,1.1234,2.913,2.0909999999999997,-18829259,54286078,35904857,72908726,61235370,67458763.71428572,18215439.193123553,82222369.92857143,35054743.86399631,0.8204429496849674,98769015,92162850,130116349,143721974,125823628.14285715,22112121.862040073,123311992.71428572,44889206.62570191,1.0203681359232504,3644,3398,3436,3508,3504.1428571428573,77.80194635831967,3484.4285714285716,73.19595857455761,1.0056578246074372
20130701,12324743,2453308,143,103,13,0.7202797202797203,0.09090909090909091,95475274,667659.2587412588,2013,7,1,2,0,1.5787,4.456,2.4239999999999995,9871435,0,0,0,0,0.0,0.0,0.0,0.0,1.0,0,0,0,0,0.0,0.0,0.0,0.0,1.0,0,0,0,0,0.0,0.0,0.0,0.0,1.0
20130702,6771699,1740037,149,102,16,0.6845637583892618,0.10738255033557047,50691866,340213.8657718121,2013,7,2,3,0,1.5461,3.786,2.014,5031662,12324743,0,0,0,12324743.0,0.0,12324743.0,0.0,1.0,2453308,0,0,0,2453308.0,0.0,2453308.0,0.0,1.0,143,0,0,0,143.0,0.0,143.0,0.0,1.0
20130703,4494336,669466,163,118,12,0.7239263803680982,0.0736196319018405,68191194,418350.8834355828,2013,7,3,4,0,1.467,3.4,1.8000000000000003,3824870,6771699,12324743,0,0,9548221.0,3926595.0686272704,9548221.0,3926595.0686272704,1.0,1740037,2453308,0,0,2096672.5,504358.76092370995,2096672.5,504358.76092370995,1.0,149,143,0,0,146.0,4.242640687119285,146.0,4.242640687119285,1.0
20130704,3036775,1313151,161,119,17,0.7391304347826086,0.10559006211180125,69490721,431619.3850931677,2013,7,4,5,0,1.4223,3.348,1.7540000000000004,1723624,4494336,6771699,12324743,0,7863592.666666667,4027777.585827243,7863592.666666667,4027777.585827243,1.0,669466,1740037,2453308,0,1620937.0,897865.0665556601,1620937.0,897865.0665556601,1.0,163,149,143,0,151.66666666666666,10.263202878893768,151.66666666666666,10.263202878893768,1.0
20130705,2514478,1535175,165,131,12,0.793939393939394,0.07272727272727272,85346964,517254.32727272727,2013,7,5,6,0,1.3845,3.38,1.4085,979303,3036775,4494336,6771699,0,6656888.25,4079199.7234841194,6656888.25,4079199.7234841194,1.0,1313151,669466,1740037,0,1543990.5,749082.22108324,1543990.5,749082.22108324,1.0,161,163,149,0,154.0,9.591663046625442,154.0,9.591663046625442,1.0
20130706,21584852,270679,155,115,8,0.7419354838709677,0.05161290322580645,129782838,837308.6322580645,2013,7,6,7,1,1.3674,3.38,1.4085,21314173,2514478,3036775,4494336,0,5828406.2,3988961.6849395405,5828406.2,3988961.6849395405,1.0,1535175,1313151,669466,0,1542227.4,648736.2122352197,1542227.4,648736.2122352197,1.0,165,161,163,0,156.2,9.654014708917737,156.2,9.654014708917737,1.0
20130707,4036930,174497,179,132,12,0.7374301675977654,0.0670391061452514,102637683,573394.8770949721,2013,7,7,1,1,1.3671,3.38,1.4085,3862433,21584852,2514478,3036775,0,8454480.5,7355749.427071011,8454480.5,7355749.427071011,1.0,270679,1535175,1313151,0,1330302.6666666667,778562.4535274396,1330302.6666666667,778562.4535274396,1.0,155,165,161,0,156.0,8.648699324175864,156.0,8.648699324175864,1.0
20130708,20071759,527609,158,109,20,0.689873417721519,0.12658227848101267,139760537,884560.3607594937,2013,7,8,2,0,1.3129,3.256,1.044,19544150,4036930,21584852,2514478,12324743,7823401.857142857,6919322.929485645,7823401.857142857,6919322.929485645,1.0,174497,270679,1535175,2453308,1165187.5714285714,834250.4866229441,1165187.5714285714,834250.4866229441,1.0,179,155,165,143,159.28571428571428,11.743285822322555,159.28571428571428,11.743285822322555,1.0
20130709,11085000,2314247,178,137,17,0.7696629213483146,0.09550561797752809,96881521,544278.2078651686,2013,7,9,3,0,1.3096,3.249,1.049,8770753,20071759,4036930,21584852,6771699,8930118.42857143,8250743.486128122,9354446.5,7732414.61018523,0.9546388905609144,527609,174497,270679,1740037,890087.7142857143,631576.8524132578,1085490.25,804588.3043950845,0.8199868347833749,158,179,155,149,161.42857142857142,9.413769044280173,159.125,10.881668727070968,1.0144764897317922
20130710,4181407,1099173,182,142,12,0.7802197802197802,0.06593406593406594,156788485,861475.1923076923,2013,7,10,4,0,1.2792,3.251,1.0180000000000002,3082234,11085000,20071759,4036930,4494336,9546304.285714285,8223701.047650438,9546730.222222222,7255977.7776199775,0.9999553840427013,2314247,527609,174497,669466,972117.7142857143,780176.1937243652,1222018.7777777778,856856.1123068997,0.7955014537939387,178,158,179,163,165.57142857142858,9.413769044280171,161.22222222222223,11.966388111892597,1.02697646942995
20130711,11764267,896990,204,157,17,0.7696078431372549,0.08333333333333333,133206734,652974.1862745098,2013,7,11,5,0,1.2616,3.3547,0.9963000000000002,10867277,4181407,11085000,20071759,3036775,9501600.142857144,8256525.738574335,9010197.9,7048260.084947244,1.054538451686743,1099173,2314247,527609,1313151,1033504.4285714285,769222.1226838746,1209734.2,808785.1764074315,0.8543235601435659,182,178,158,161,168.28571428571428,11.131251587524284,163.3,13.055862880543573,1.0305310121599158
20130712,6742179,4357516,194,148,19,0.7628865979381443,0.0979381443298969,164367735,847256.3659793815,2013,7,12,6,0,1.2487,3.3,0.8280000000000003,2384663,11764267,4181407,11085000,2514478,10748384.714285715,7761719.079734328,9260567.818181818,6737930.636166312,1.1606615193922318,896990,1099173,2314247,1535175,974052.8571428572,760033.837299022,1181302.9090909092,773053.5794814555,0.8245580787509068,204,182,178,165,174.42857142857142,16.84099307104684,167.0,17.435595774162692,1.0444824636441403
20130713,5195826,1917841,218,173,14,0.7935779816513762,0.06422018348623854,171703067,787628.747706422,2013,7,13,7,1,1.2396,3.3,0.8280000000000003,3277985,6742179,11764267,4181407,21584852,11352342.0,7155007.710933604,9050702.083333334,6465368.240215548,1.2543051241190541,4357516,896990,1099173,270679,1377244.4285714286,1497827.8316731262,1445987.3333333333,1176425.782271131,0.9524595387682709,194,204,182,155,178.57142857142858,17.681036384189916,169.25,18.360654573397873,1.0550749103186328
20130714,3015852,761467,209,158,18,0.7559808612440191,0.0861244019138756,159534939,763325.0669856459,2013,7,14,1,1,1.2394,3.3,0.8280000000000003,2254385,5195826,6742179,11764267,4036930,9011052.57142857,5802180.439295927,8754173.153846154,6281771.503306383,1.0293436528005568,1917841,4357516,896990,174497,1612553.2857142857,1422503.373024087,1482283.7692307692,1133919.2030848989,1.0878843303742844,218,194,204,179,187.57142857142858,19.611706902231834,173.0,22.177315737783356,1.0842279108175064
20130715,9548276,6290163,198,145,22,0.7323232323232324,0.1111111111111111,111386266,562556.898989899,2013,7,15,2,0,1.1985,3.2998,0.9707000000000003,3258113,3015852,5195826,6742179,20071759,8865184.285714285,5958794.323511978,8344293.071428572,6227137.53695639,1.0624248465180688,761467,1917841,4357516,527609,1696406.142857143,1338420.5835536686,1430796.857142857,1106336.2020189995,1.1856373141919518,209,218,194,158,191.85714285714286,20.675497345316522,175.57142857142858,23.378867136185804,1.0927583401139136
20130716,19117205,1999230,216,157,14,0.7268518518518519,0.06481481481481481,172739785,799721.2268518518,2013,7,16,3,0,1.2214,3.013,1.4110000000000005,17117975,9548276,3015852,5195826,11085000,7361829.571428572,3466558.0533629633,8145974.0,6134135.959814503,0.9037384076389848,6290163,761467,1917841,2314247,2519628.1428571427,2071266.602157919,1704857.9285714286,1696786.8950899052,1.4779109159954718,198,209,218,178,197.57142857142858,14.304511442864719,179.5,22.068947902844435,1.1006764822920811
20130717,6655046,479288,221,165,13,0.746606334841629,0.058823529411764705,162509044,735335.0407239819,2013,7,17,4,0,1.1829,2.968,1.5620000000000003,6175758,19117205,9548276,3015852,4181407,8509287.42857143,5585880.788694738,9027795.857142856,6775248.235627236,0.9425653352405859,1999230,6290163,761467,1099173,2474625.714285714,2079876.9317155692,1723371.7142857143,1698613.3186365885,1.4359210458037324,216,198,209,182,203.0,12.7671453348037,184.28571428571428,22.210283728415174,1.1015503875968993
20130718,4178845,2727225,243,181,20,0.7448559670781894,0.0823045267489712,162473181,668613.913580247,2013,7,18,5,0,1.1896,2.998,1.612,1451620,6655046,19117205,9548276,11764267,8862664.42857143,5339255.882230058,9182132.285714285,6688083.891694569,0.9652076612270235,479288,1999230,6290163,896990,2386070.714285714,2159858.6687997063,1709787.5714285714,1708422.0634544035,1.3955363544326684,221,216,198,204,208.57142857142858,10.35788174704241,188.42857142857142,23.31626796141166,1.106899166034875
20130719,5700473,293118,230,176,21,0.7652173913043478,0.09130434782608696,206035820,895807.9130434783,2013,7,19,6,0,1.2032,3.04,1.6289999999999996,5407355,4178845,6655046,19117205,6742179,7779032.714285715,5421331.069135934,9263708.714285715,6613915.175615068,0.8397320073643446,2727225,479288,1999230,4357516,2647532.8571428573,2057928.7533467098,1810792.857142857,1724890.3357012786,1.462084879946038,243,221,216,194,214.14285714285714,16.283207827171434,194.28571428571428,26.03674495615932,1.1022058823529413
20130720,4839682,1323329,256,202,24,0.7890625,0.09375,265011717,1035202.01953125,2013,7,20,7,1,1.1964,3.04,1.6289999999999996,3516353,5700473,4178845,6655046,5195826,7630217.571428572,5468627.289684461,9491279.785714285,6415665.050832726,0.8039187278951702,293118,2727225,479288,1917841,2066904.5714285714,2068403.0494798685,1722074.5,1771470.1678995222,1.2002410879602312,230,243,221,218,219.28571428571428,14.442002235542981,198.92857142857142,26.207645055225,1.1023339317773788
20130721,7546072,790861,270,212,18,0.7851851851851852,0.06666666666666667,258687474,958101.7555555556,2013,7,21,1,1,1.1962,3.04,1.6289999999999996,6755211,4839682,5700473,4178845,3015852,7579339.857142857,5496635.535497736,8295196.214285715,5480343.22969433,0.9137022996622993,1323329,293118,2727225,761467,1981974.2857142857,2087659.7606995027,1797263.7857142857,1726906.6675505335,1.1027731719006348,256,230,243,209,224.71428571428572,19.964253769460772,206.14285714285714,27.072146182028103,1.09009009009009
20130722,4487178,5401110,253,208,27,0.8221343873517787,0.1067193675889328,232038236,917147.1778656127,2013,7,22,2,0,1.1547,3.1035,1.7025000000000001,-913932,7546072,4839682,5700473,9548276,8226514.142857143,5123830.869833931,8545849.214285715,5349283.804436673,0.9626327280740276,790861,1323329,293118,6290163,1986173.4285714286,2084823.2960286152,1841289.7857142857,1689811.6596101737,1.078685953716372,270,256,230,198,233.42857142857142,24.710707145264944,212.64285714285714,30.731109626909,1.0977494121598925
20130723,6358667,1523525,262,189,18,0.7213740458015268,0.06870229007633588,184493179,704172.4389312977,2013,7,23,3,0,1.1826,3.1355,1.8545000000000003,4835142,4487178,7546072,4839682,19117205,7503500.142857143,5261466.721502773,7432664.857142857,4281180.53202018,1.009530267686725,5401110,790861,1323329,1999230,1859165.857142857,1784352.2703161717,2189397.0,1888652.0769048696,0.849167993352899,253,270,256,216,241.28571428571428,19.83023185033638,219.42857142857142,28.114366121568203,1.099609375
20130724,3047291,16358417,248,186,27,0.75,0.10887096774193548,263553049,1062713.9072580645,2013,7,24,4,0,1.1805,3.23,2.063,-13311126,6358667,4487178,7546072,6655046,5680851.857142857,1243407.1049021487,7095069.642857143,4155523.846642694,0.8006759824918662,1523525,5401110,790861,479288,1791208.0,1787185.2672070682,2132916.8571428573,1896438.4551681185,0.8397926970296478,262,253,270,221,247.85714285714286,17.544501241401072,225.42857142857142,27.55055293515844,1.0994930291508238
20130725,7536319,17756136,282,216,24,0.7659574468085106,0.0851063829787234,239309804,848616.3262411348,2013,7,25,5,0,1.1645,3.3495,2.1185,-10219817,3047291,6358667,4487178,4178845,5165458.285714285,1494631.6266968835,7014061.357142857,4227129.676018916,0.7364432705530836,16358417,1523525,5401110,2727225,4059655.0,5680752.128849225,3222862.8571428573,4219175.097799147,1.2596424917686315,248,262,253,243,251.71428571428572,13.047532151257387,230.14285714285714,25.084034587936426,1.0937306021104904
20130726,3358686,1321368,274,205,21,0.7481751824817519,0.07664233576642336,227688203,830978.8430656934,2013,7,26,6,0,1.1777,3.55,2.1720000000000006,2037318,7536319,3047291,6358667,5700473,5645097.428571428,1655331.8396727243,6712065.071428572,4006951.686913199,0.841037351172453,17756136,16358417,1523525,293118,6206642.285714285,7606762.449074281,4427087.571428572,5663125.285557012,1.4019696212405104,282,248,262,230,257.2857142857143,16.5601357252317,235.71428571428572,27.38733163464331,1.0915151515151515
20130727,9312478,4573796,264,200,23,0.7575757575757576,0.08712121212121213,261878147,991962.678030303,2013,7,27,7,1,1.1728,3.55,2.1720000000000006,4738682,3358686,7536319,3047291,4839682,5310556.428571428,1865561.934942111,6470387.0,4105813.2517894106,0.8207478824019998,1321368,17756136,16358417,1323329,6353535.142857143,7482447.265973555,4210219.857142857,5723803.572495826,1.5090744327942969,274,282,248,256,263.57142857142856,12.272695205986638,241.42857142857142,26.340125242720422,1.0917159763313609
20130728,4403362,3829697,301,232,26,0.770764119601329,0.08637873754152824,222426344,738957.9534883721,2013,7,28,1,1,1.1726,3.55,2.1720000000000006,573665,9312478,3358686,7536319,7546072,5949527.285714285,2374082.111787888,6764433.571428572,4154632.447545747,0.8795307430978012,4573796,1321368,17756136,790861,6817887.571428572,7214305.670679493,4399930.928571428,5685868.975552604,1.5495442274231808,264,274,282,270,264.7142857142857,11.81403523659163,244.71428571428572,26.060369474411853,1.0817279626386456
20130729,12760123,2936047,289,213,29,0.7370242214532872,0.10034602076124567,244388240,845634.0484429066,2013,7,29,2,0,1.1515,3.703,2.2850000000000006,9824076,4403362,9312478,3358686,4487178,5500568.714285715,2318344.2624384407,6863541.428571428,4074101.1475821217,0.8014184472447482,3829697,4573796,1321368,5401110,7252007.0,6874618.2161947,4619090.214285715,5593214.941554306,1.570007655960327,301,264,274,253,269.14285714285717,18.206487593058416,251.28571428571428,27.89659083507841,1.0710631040363845
20130730,24801323,8300878,303,231,33,0.7623762376237624,0.10891089108910891,319337284,1053918.4290429044,2013,7,30,3,0,1.1958,3.641,2.248,16500445,12760123,4403362,9312478,6358667,6682418.0,3515326.306890917,7092959.071428572,4319926.301285696,0.9421199153563019,2936047,3829697,4573796,1523525,6899855.142857143,7046226.746921396,4379510.5,5587962.791191159,1.5754854664367497,289,301,264,262,274.2857142857143,17.969550965585142,257.7857142857143,24.974382479248213,1.0640066500415628
20130731,16125077,2619454,300,231,35,0.77,0.11666666666666667,254177683,847258.9433333334,2013,7,31,4,0,1.2088,3.699,1.641,13505623,24801323,12760123,4403362,3047291,9317083.142857144,7678376.510778335,7498967.5,5611107.016033793,1.2424487961652246,8300878,2936047,3829697,16358417,7868048.428571428,6638172.687644165,4829628.214285715,5635083.580309526,1.6291209342570658,303,289,301,248,280.14285714285717,19.878200550926557,264.0,24.598311386697336,1.0611471861471862
20140701,132628835,178153453,3441,2277,411,0.6617262423714037,0.11944202266782912,5963601633,1733101.3173496076,2014,7,1,3,0,1.1619,3.017,1.9840000000000004,-45524618,16125077,24801323,12760123,7536319,11185338.285714285,7487218.452583169,8175398.285714285,6054817.067602816,1.3681704419538285,2619454,8300878,2936047,17756136,5905339.428571428,5669917.966074285,4982497.214285715,5536149.838756801,1.185216804866395,300,303,289,282,287.57142857142856,14.976171549689008,269.64285714285717,22.98363010377719,1.0664900662251655
20140702,110643602,85488047,3440,2218,328,0.6447674418604651,0.09534883720930233,5569149929,1618938.9328488372,2014,7,2,4,0,1.1374,3.02,1.871,25155555,132628835,16125077,24801323,3358686,29055697.714285713,46253125.96758749,17350397.57142857,33707734.140719905,1.674641609488685,178153453,2619454,8300878,1321368,28819241.85714286,65886936.73818279,17512942.07142857,46561259.41166927,1.6455968243142831,3441,300,303,274,738.8571428571429,1191.6245813414318,498.07142857142856,847.310175182048,1.4834361107127494
20140703,115744747,68801894,3471,2256,285,0.6499567847882455,0.08210890233362143,6317993709,1820222.9066551425,2014,7,3,5,0,1.1345,2.96,1.1719999999999997,46942853,110643602,132628835,16125077,9312478,44382114.28571428,53522684.24211227,24846335.35714286,41650562.3895247,1.7862639961894926,85488047,178153453,2619454,4573796,40843053.14285714,67687697.97294813,23598294.14285714,49605375.65886605,1.7307629481862246,3440,3441,300,264,1191.142857142857,1536.6608201520842,727.3571428571429,1149.5893318346912,1.6376313463615828
20140704,54045091,62099164,3611,2352,320,0.6513431182497923,0.08861811132650235,6615643602,1832080.7538078094,2014,7,4,6,0,1.1211,2.94,1.1229999999999998,-8054073,115744747,110643602,132628835,4403362,59586724.14285714,56910091.66986026,32768125.714285713,47665250.93083582,1.818435532822663,68801894,85488047,178153453,3829697,50018495.71428572,66290601.75340536,28418191.64285714,50543937.03770244,1.7600872125463962,3471,3440,3441,301,1649.2857142857142,1685.074154083999,957.0,1351.5609209639508,1.7233915509777578
20140705,34353850,94806227,3579,2309,318,0.6451522771723945,0.08885163453478626,5910420351,1651416.69488684,2014,7,5,7,1,1.121,2.94,1.1229999999999998,-60452377,54045091,115744747,110643602,12760123,66678399.71428572,51746198.583179206,36089484.21428572,47391826.01388942,1.8475852777051227,62099164,68801894,85488047,2936047,58342705.28571428,63105934.017872885,32797356.14285714,50621995.662379794,1.7788844024984192,3611,3471,3440,289,2122.1428571428573,1707.9295875973564,1195.642857142857,1506.9521255803745,1.7748969472489398
20140706,70092193,34699577,3539,2297,288,0.6490534049166431,0.08137892059903927,5918782372,1672444.8635207685,2014,7,6,1,1,1.1209,2.94,1.1229999999999998,35392616,34353850,54045091,115744747,24801323,69763217.85714285,48540528.83318304,38222817.928571425,46524103.213655375,1.825172021265211,94806227,62099164,68801894,8300878,71467016.71428572,59087662.600732654,39183435.928571425,52504374.421998754,1.8239088793684384,3579,3611,3471,303,2592.1428571428573,1566.198202503058,1433.2142857142858,1605.8406463029517,1.8086219785696487
20140707,66776473,103085012,3495,2198,288,0.628898426323319,0.08240343347639485,5702555310,1631632.4206008583,2014,7,7,2,0,1.1216,2.952,1.0949999999999998,-36308539,70092193,34353850,54045091,16125077,76233342.14285715,44389556.41819024,42775212.64285714,46283899.11439763,1.782184995299773,34699577,94806227,62099164,2619454,75238259.42857143,55091497.93980465,41553153.928571425,51411192.69556053,1.8106509931328836,3539,3579,3611,300,3054.4285714285716,1216.4338394315926,1667.2857142857142,1659.910860839842,1.8319766943706626
20140708,63013761,121627365,3508,2266,314,0.6459521094640821,0.0895096921322691,6132390402,1748115.8500570126,2014,7,8,3,0,1.1183,3.253,0.7930000000000001,-58613604,66776473,70092193,34353850,132628835,83469255.85714285,36360500.58914471,47327297.071428575,45197211.66319133,1.7636598965532964,103085012,34699577,94806227,178153453,89590482.0,45222570.9670733,47747910.71428572,53331030.20315306,1.876322558616065,3495,3539,3579,3441,3510.8571428571427,67.33604426414476,1899.2142857142858,1673.1372732578864,1.8485840009026286
20140709,49789632,47920882,3509,2233,294,0.6363636363636364,0.08378455400398974,5773781213,1645420.6933599317,2014,7,9,4,0,1.1169,3.351,0.7489999999999997,1868750,63013761,66776473,70092193,110643602,73524245.28571428,29557730.00994871,51289971.5,43852153.198236324,1.4335013870248354,121627365,103085012,34699577,85488047,81515326.57142857,28858824.886192743,55167284.21428572,55996285.55268544,1.4776026721706912,3508,3495,3539,3440,3520.4285714285716,60.12724602279495,2129.6428571428573,1655.3292773594976,1.6530605399966458
20140710,95319011,103108215,3517,2300,330,0.6539664486778505,0.09382996872334376,6219938394,1768535.2271822577,2014,7,10,5,0,1.1305,3.3,0.8544999999999998,-7789204,49789632,63013761,66776473,115744747,64830821.0,25489907.36319647,54606467.64285714,41648716.1656369,1.187237039832227,47920882,121627365,103085012,68801894,76148588.71428572,31379881.33273662,58495820.928571425,53894920.12807529,1.3017782724559055,3509,3508,3495,3471,3530.285714285714,49.45271912212137,2360.714285714286,1601.2782119569079,1.495431164901664
20140711,82803476,56190362,3548,2282,296,0.6431792559188275,0.0834272829763247,6047249757,1704410.8672491545,2014,7,11,6,0,1.12,3.285,0.8780000000000001,26613114,95319011,49789632,63013761,54045091,61912858.71428572,19044301.885090165,60749791.428571425,40788009.14119573,1.0191452062363342,103108215,47920882,121627365,62099164,81049491.71428572,32692754.77704602,65533993.71428572,52732846.331642434,1.2367549590773343,3517,3509,3508,3611,3536.8571428571427,42.88134237415534,2593.0714285714284,1506.8592637201857,1.3639644106547668
20140712,67845678,47797413,3601,2307,283,0.640655373507359,0.07858928075534574,6181801689,1716690.277422938,2014,7,12,7,1,1.113,3.285,0.8780000000000001,20048265,82803476,95319011,49789632,34353850,66021199.428571425,20134876.390409082,66349799.571428575,37723697.49309354,0.9950474583950567,56190362,103108215,47920882,94806227,80205377.14285715,33333594.148839705,69274041.21428572,49794842.114305526,1.1577984442218043,3548,3517,3509,3579,3527.8571428571427,29.134335822350966,2825.0,1370.6637359042797,1.2487989886219975
20140713,61576834,77673021,3574,2256,260,0.6312255176273084,0.0727476217123671,6182198600,1729770.1734750979,2014,7,13,1,1,1.1125,3.285,0.8780000000000001,-16096187,67845678,82803476,95319011,70092193,70805746.28571428,14564477.13543302,70284482.07142857,34433487.313210174,1.0074164907945962,47797413,56190362,103108215,34699577,73489832.28571428,34612551.95617423,72478424.5,46534193.37280369,1.0139546050109614,3601,3548,3517,3539,3531.0,35.95830919273052,3061.5714285714284,1170.4931054432186,1.1533292893472074
20140714,72942425,80481203,3619,2291,275,0.6330478032605692,0.07598784194528875,6716200148,1855816.5647969053,2014,7,14,2,0,1.1284,3.255,1.0579999999999998,-7538778,61576834,67845678,82803476,66776473,69589266.42857143,14983595.84321757,72911304.28571428,32014597.96563911,0.95443727293473,77673021,47797413,56190362,103085012,79628895.71428572,30103075.650563914,77433577.57142857,42711088.23580508,1.028350984310806,3574,3601,3548,3495,3536.0,39.513710700633105,3295.214285714286,863.7718874948257,1.0730713372206446
20140715,77428193,75715386,3603,2326,296,0.6455731334998612,0.08215376075492645,5884767507,1633296.5603663614,2014,7,15,3,0,1.1341,3.218,1.1989999999999998,1712807,72942425,61576834,67845678,63013761,70470116.71428572,14971915.104119398,76969686.28571428,27552589.0650849,0.9155567615632221,80481203,77673021,47797413,121627365,76399780.14285715,28327600.517946795,82995131.07142857,36892968.279410094,0.9205332789595184,3619,3574,3601,3508,3553.714285714286,45.42288074570019,3532.285714285714,59.493281548848415,1.006066488716331
20140716,159605724,97364058,3698,2377,309,0.6427798810167659,0.08355868036776636,5801768417,1568893.568685776,2014,7,16,4,0,1.1377,3.2472,1.2448000000000001,62241666,77428193,72942425,61576834,49789632,72529321.28571428,14765301.510075705,73026783.28571428,22452523.843617935,0.9931879513567824,75715386,80481203,77673021,47920882,69840926.0,20283497.792902466,75678126.28571428,24717687.59351412,0.9228680654212211,3603,3619,3574,3509,3567.285714285714,43.64521465068948,3543.8571428571427,56.02589668091983,1.0066110372072399
20140717,80511834,65401226,3537,2262,285,0.6395250212044106,0.08057675996607294,6013433995,1700150.9739892564,2014,7,17,5,0,1.1133,3.2465,1.3415,15110608,159605724,77428193,72942425,95319011,88217334.42857143,33292879.41476648,76524077.71428572,30962953.94235076,1.1528049349113918,97364058,75715386,80481203,103108215,76904236.85714285,19984675.96502855,76526412.78571428,25277694.43860344,1.0049371721171163,3698,3603,3619,3517,3594.285714285714,57.75729185050802,3562.285714285714,61.409631631714355,1.0089829964709656
20140718,63467210,89882215,3641,2374,297,0.6520186761878605,0.08157099697885196,6266973610,1721223.183191431,2014,7,18,6,0,1.1215,3.245,1.4850000000000003,-26415005,80511834,159605724,77428193,82803476,86102023.42857143,33236812.073110487,74007441.07142857,28892548.387156364,1.1634238690332468,65401226,97364058,75715386,56190362,71517524.14285715,16527137.843395727,76283507.92857143,25373789.35570461,0.9375227501313004,3537,3698,3603,3548,3597.1428571428573,53.645219020985635,3567.0,56.17281028562321,1.008450478593456
20140719,40618796,55469284,3532,2286,225,0.6472253680634201,0.06370328425821065,6369613687,1803401.383635334,2014,7,19,7,1,1.1131,3.245,1.4850000000000003,-14850488,63467210,80511834,159605724,67845678,83339699.71428572,34341800.084808566,74680449.57142857,28498841.358963866,1.115950696501565,89882215,65401226,97364058,47797413,76330646.0,16222693.408774983,78268011.57142857,25265319.91742988,0.9752470321842724,3641,3537,3698,3601,3610.4285714285716,50.891574754102265,3569.1428571428573,58.50424986910991,1.0115674031380084
20140720,29368273,43378858,3682,2376,265,0.6453014665942423,0.07197175448126018,6223264527,1690185.911732754,2014,7,20,1,1,1.1129,3.245,1.4850000000000003,-14010585,40618796,63467210,80511834,61576834,79450145.14285715,37760795.05766842,75127945.71428572,27858915.899581656,1.0575311808073244,55469284,89882215,65401226,77673021,77426627.57142857,14093127.748652564,75458229.92857143,25471121.303392693,1.0260859238908786,3532,3641,3537,3574,3600.5714285714284,59.05042236049108,3565.785714285714,59.23899257886029,1.0097554135534144
20140721,81587948,120341854,3574,2269,284,0.6348628987129267,0.07946278679350867,5844965523,1635412.8491885841,2014,7,21,2,0,1.1428,3.318,1.7120000000000002,-38753906,29368273,40618796,63467210,72942425,74848922.14285715,42023417.58824759,72219094.28571428,30432369.5896701,1.0364145782102818,43378858,55469284,89882215,80481203,72527461.42857143,19073867.809297252,76078178.57142857,24489482.62823299,0.9533280474173889,3682,3532,3641,3619,3616.0,64.78168465443504,3576.0,66.18621748230798,1.0111856823266219
20140722,82600615,50075859,3597,2345,285,0.6519321656936335,0.07923269391159299,6476097199,1800416.235474006,2014,7,22,3,0,1.1166,3.253,1.862,32524756,81587948,29368273,40618796,77428193,76083996.85714285,42085048.06950615,73277056.78571428,30486014.26289905,1.0383058517161377,120341854,43378858,55469284,75715386,78221840.14285715,26390803.602255456,77310810.14285715,26319317.9338146,1.0117839924108487,3574,3682,3532,3603,3609.5714285714284,66.64047104389634,3581.6428571428573,61.98338132467102,1.0077976985820551
20140723,61552355,103508017,3549,2274,281,0.6407438715131023,0.07917723302338688,5684402442,1601691.305156382,2014,7,23,4,0,1.1266,3.295,1.976,-41955662,82600615,81587948,29368273,159605724,76822914.28571428,42157927.4515511,74676117.78571428,30428165.276391182,1.0287480999770275,50075859,120341854,43378858,97364058,74559050.57142857,28492247.01168366,72199988.28571428,23886402.60625789,1.032673998178211,3597,3574,3682,3698,3608.714285714286,66.77752687272941,3588.0,58.30424183011576,1.0057732122949514
20140724,81296915,171270678,3670,2359,294,0.6427792915531335,0.08010899182561308,5636939845,1535950.9114441418,2014,7,24,5,0,1.1215,3.313,1.9649999999999994,-89973763,61552355,82600615,81587948,80511834,62815290.14285714,21096787.82767444,75516312.28571428,29844939.201014698,0.8318108795513861,103508017,50075859,120341854,65401226,75436759.0,29392262.38177615,76170497.92857143,24158596.793644216,0.9903671506879278,3549,3597,3574,3537,3587.4285714285716,56.53570300514278,3590.8571428571427,55.02287236701191,0.9990451941438575
20140725,53112181,82444076,3560,2261,286,0.6351123595505618,0.08033707865168539,5863356557,1647010.2688202248,2014,7,25,6,0,1.1244,3.348,1.6020000000000003,-29331895,81296915,61552355,82600615,63467210,62927444.571428575,21208337.521035284,74514734.0,29360608.633595694,0.8444966678862273,171270678,103508017,50075859,89882215,90560966.42857143,45945016.20310653,81039245.28571428,34611946.83087441,1.117495185317769,3670,3549,3597,3641,3606.4285714285716,59.05606698400303,3601.785714285714,54.41603068585943,1.0012890431333665
20140726,38865866,68116788,3610,2339,257,0.6479224376731302,0.07119113573407203,6351595781,1759444.8146814404,2014,7,26,7,1,1.1221,3.348,1.6020000000000003,-29250922,53112181,81296915,61552355,40618796,61448154.71428572,21523210.12815982,72393927.21428572,29785109.78327137,0.8488026147883847,82444076,171270678,103508017,55469284,89498375.14285715,46049224.728303224,82914510.57142857,33865234.15268013,1.07940545660891,3560,3670,3549,3532,3594.8571428571427,59.088714577964794,3602.6428571428573,53.59191549658778,0.9978388881178499
20140727,54183170,36697732,3672,2310,281,0.6290849673202614,0.07652505446623094,5979127640,1628302.734204793,2014,7,27,1,1,1.122,3.348,1.6020000000000003,17485438,38865866,53112181,81296915,29368273,61197736.14285714,21814177.569591757,70323940.64285715,31103354.306632612,0.8702262072265292,68116788,82444076,171270678,43378858,91305161.42857143,44720480.90906753,84365894.5,32658340.82642265,1.08225203999433,3610,3560,3670,3682,3606.0,52.21430199986717,3603.285714285714,53.62466219571363,1.0007532807358364
20140728,178333462,182005172,3675,2401,327,0.6533333333333333,0.08897959183673469,6148141689,1672963.7248979593,2014,7,28,2,0,1.1276,3.304,1.0939999999999999,-3671710,54183170,38865866,53112181,81587948,64742721.428571425,17336238.67175625,69795821.78571428,31325278.938598458,0.9276016783260066,36697732,68116788,82444076,120341854,90350714.85714285,45967728.692882225,81439088.14285715,35052604.81494002,1.1094268970528414,3672,3610,3560,3574,3604.5714285714284,49.872695077423955,3610.285714285714,55.85755037652415,0.9984172206394428
20140729,74957764,66248427,3683,2322,275,0.6304642954113494,0.07466739071409177,6523449209,1771232.4759706762,2014,7,29,3,0,1.1156,3.2503,0.8906999999999998,8709337,178333462,54183170,38865866,82600615,78563509.14285715,46699868.84657521,77323753.0,42727843.61686304,1.016033315698698,182005172,36697732,68116788,50075859,99159760.28571428,57207325.58659153,88690800.21428572,44158197.63857684,1.1180388500964533,3675,3672,3610,3597,3619.0,53.99382680763924,3614.285714285714,58.47343719282169,1.001304347826087
20140730,55343734,82177067,3635,2321,298,0.6385144429160935,0.08198074277854195,5783268710,1590995.5185694636,2014,7,30,4,0,1.1162,3.2502,0.8938000000000001,-26833333,74957764,178333462,54183170,61552355,77471673.28571428,46679090.496146865,77147293.78571428,42732480.1060546,1.0042046776248692,66248427,182005172,36697732,103508017,101470127.14285715,55185491.04722072,88014588.85714285,44443741.89674867,1.1528784995809511,3683,3675,3672,3549,3631.285714285714,57.80344362785059,3620.0,61.13415261034226,1.0031176006314129
20140731,46156976,58013319,3576,2284,300,0.6387024608501118,0.08389261744966443,6407945795,1791931.1507270692,2014,7,31,5,0,1.1156,3.204,0.996,-11856343,55343734,74957764,178333462,81296915,76584727.42857143,47089169.365082726,69700008.78571428,35775342.69030558,1.0987764386662207,82177067,66248427,182005172,171270678,98422848.57142857,55641259.21247667,86929803.78571428,44383286.863296114,1.1322106376087668,3635,3683,3675,3670,3643.5714285714284,45.154760335454974,3615.5,57.13916883701249,1.007764189896675
20130801,12959299,2120537,304,229,28,0.7532894736842105,0.09210526315789473,324885255,1068701.4967105263,2013,8,1,5,0,1.2026,3.549,1.2970000000000002,10838762,0,0,0,0,0.0,0.0,0.0,0.0,1.0,0,0,0,0,0.0,0.0,0.0,0.0,1.0,0,0,0,0,0.0,0.0,0.0,0.0,1.0
20130802,10300902,25265288,302,225,30,0.7450331125827815,0.09933774834437085,295181147,977421.0165562914,2013,8,2,6,0,1.222,3.2539,1.3881000000000006,-14964386,12959299,0,0,0,12959299.0,0.0,12959299.0,0.0,1.0,2120537,0,0,0,2120537.0,0.0,2120537.0,0.0,1.0,304,0,0,0,304.0,0.0,304.0,0.0,1.0
20130803,10504214,8313865,316,246,31,0.7784810126582279,0.0981012658227848,241740743,765002.3512658228,2013,8,3,7,1,1.2154,3.2539,1.3881000000000006,2190349,10300902,12959299,0,0,11630100.5,1879770.5457859745,11630100.5,1879770.5457859745,1.0,25265288,2120537,0,0,13692912.5,16365810.380974127,13692912.5,16365810.380974127,1.0,302,304,0,0,303.0,1.4142135623730951,303.0,1.4142135623730951,1.0
20130804,4374186,1607105,294,219,23,0.7448979591836735,0.0782312925170068,297829119,1013024.2142857143,2013,8,4,1,1,1.2152,3.2539,1.3881000000000006,2767081,10504214,10300902,12959299,0,11254805.0,1479631.301832656,11254805.0,1479631.301832656,1.0,8313865,25265288,2120537,0,11899896.666666666,11981844.267421953,11899896.666666666,11981844.267421953,1.0,316,302,304,0,307.3333333333333,7.571877794400366,307.3333333333333,7.571877794400366,1.0
20130805,7433482,2291203,330,232,24,0.703030303030303,0.07272727272727272,270505189,819712.693939394,2013,8,5,2,0,1.1875,3.1,1.475,5142279,4374186,10504214,10300902,0,9534650.25,3646267.769747433,9534650.25,3646267.769747433,1.0,1607105,8313865,25265288,0,9326698.75,11054190.070097955,9326698.75,11054190.070097955,1.0,294,316,302,0,304.0,9.092121131323896,304.0,9.092121131323896,1.0
20130806,19115999,5368490,334,252,38,0.7544910179640718,0.11377245508982035,346147075,1036368.4880239521,2013,8,6,3,0,1.204,3.1,1.5005000000000002,13747509,7433482,4374186,10504214,0,9114416.6,3294606.6668854114,9114416.6,3294606.6668854114,1.0,2291203,1607105,8313865,0,7919599.6,10077002.464475377,7919599.6,10077002.464475377,1.0,330,294,316,0,309.2,14.042791745233565,309.2,14.042791745233565,1.0
20130807,24444469,24120707,331,261,31,0.7885196374622356,0.09365558912386707,369836260,1117330.090634441,2013,8,7,4,0,1.2118,3.1005,1.4795000000000003,323762,19115999,7433482,4374186,0,10781347.0,5035423.340917187,10781347.0,5035423.340917187,1.0,5368490,2291203,1607105,0,7494414.666666667,9073118.333871562,7494414.666666667,9073118.333871562,1.0,334,330,294,0,313.3333333333333,16.132782359737785,313.3333333333333,16.132782359737785,1.0
20130808,11073851,4908077,347,267,22,0.7694524495677233,0.06340057636887608,378409012,1090515.8847262247,2013,8,8,5,0,1.2155,3.1641,1.4308999999999998,6165774,24444469,19115999,7433482,12959299,12733221.57142857,6913629.576182901,12733221.57142857,6913629.576182901,1.0,24120707,5368490,2291203,2120537,9869599.285714285,10396717.947135348,9869599.285714285,10396717.947135348,1.0,331,334,330,304,315.85714285714283,16.170225430592815,315.85714285714283,16.170225430592815,1.0
20130809,8151089,14277398,338,255,33,0.7544378698224852,0.09763313609467456,329897686,976028.6568047337,2013,8,9,6,0,1.2174,2.914,1.621,-6126309,11073851,24444469,19115999,10300902,12463871.857142856,6940031.199612132,12525800.25,6427607.479311229,0.9950559332241352,4908077,24120707,5368490,25265288,10267819.285714285,10099580.414871018,9249409.0,9784025.463561961,1.1101054441115412,347,331,334,302,322.0,18.859126879754186,319.75,18.583787096744924,1.0070367474589523
20130810,4287686,18894989,363,290,21,0.7988980716253443,0.05785123966942149,364891359,1005210.3553719008,2013,8,10,7,1,1.2128,2.914,1.621,-14607303,8151089,11073851,24444469,10504214,12156755.714285715,7097483.279340073,12039721.222222222,6186786.4082085425,1.0097206978387072,14277398,4908077,24120707,8313865,8698120.714285715,8019914.02419354,9808074.444444444,9304312.102300849,0.8868326564560859,338,347,331,316,327.14285714285717,17.343861271629336,321.77777777777777,18.417232268841175,1.0166732438831887
20130811,21426652,8827487,320,249,22,0.778125,0.06875,349351883,1091724.634375,2013,8,11,1,1,1.2126,2.914,1.621,12599165,4287686,8151089,11073851,4374186,11268680.285714285,7701907.033175609,11264517.7,6327148.326978383,1.0003695307535703,18894989,14277398,4908077,1607105,10209709.857142856,8885834.081628248,10716765.9,9230845.658275586,0.9526857218317007,363,338,347,294,333.85714285714283,21.019265539250508,325.9,21.712515592011297,1.0244159032130802
20130812,20103177,7171207,353,255,25,0.7223796033994334,0.0708215297450425,369545998,1046872.5155807366,2013,8,12,2,0,1.1886,2.9645,1.5354999999999999,12931970,21426652,4287686,8151089,7433482,13704746.857142856,7853084.60835124,12188348.090909092,6739259.147656105,1.1244138052936639,8827487,18894989,14277398,2291203,11241193.0,8105618.538376513,10545013.272727273,8775656.615031186,1.0660198056908345,320,363,338,330,337.57142857142856,13.890730036696446,325.3636363636364,20.674973892475553,1.0375204566319403
20130813,8343242,2769282,357,253,21,0.7086834733893558,0.058823529411764705,285863394,800737.7983193278,2013,8,13,3,0,1.2143,3.2253,1.2987000000000002,5573960,20103177,21426652,4287686,19115999,15514703.285714285,7623485.386912793,12847917.166666666,6819759.252378993,1.2075656376401986,7171207,8827487,18894989,5368490,11938336.42857143,7385421.604509473,10263862.75,8423751.656197235,1.163142641260614,353,320,363,334,340.85714285714283,14.507797574966038,327.6666666666667,21.265992199811055,1.0402557767766312
20130814,13347363,2258754,373,283,32,0.7587131367292225,0.08579088471849866,436079045,1169112.7211796246,2013,8,14,4,0,1.2201,3.435,1.0699999999999998,11088609,8343242,20103177,21426652,24444469,13975738.0,7859037.300704287,12501403.692307692,6647878.399527307,1.1179335012275053,2769282,7171207,8827487,24120707,11567021.0,7823152.227467284,9687356.538461538,8328683.268686401,1.1940327533187887,357,353,320,331,344.14285714285717,15.279927698657161,329.9230769230769,21.92586576953326,1.0431002897778372
20130815,3777405,3322719,336,248,30,0.7380952380952381,0.08928571428571429,382650733,1138841.4672619049,2013,8,15,5,0,1.2184,3.283,1.2340000000000004,454686,13347363,8343242,20103177,11073851,12390437.142857144,6374363.739488395,12561829.357142856,6391075.364404656,0.9863561102915113,2258754,2769282,7171207,4908077,8443884.857142856,6164160.005409048,9156742.07142857,8244559.938710416,0.9221494709881569,373,357,353,347,350.14285714285717,17.36306973078754,333.0,24.006409400568277,1.0514800514800515
20130816,18743030,13549647,336,271,41,0.8065476190476191,0.12202380952380952,388844956,1157276.6547619049,2013,8,16,6,0,1.219,3.209,1.3509999999999995,5193383,3777405,13347363,8343242,8151089,11348087.714285715,7172174.888686734,11905979.785714285,6804874.745922787,0.9531418596814709,3322719,2258754,2769282,14277398,8217405.142857143,6342273.022355088,9242612.214285715,8171575.51624267,0.8890782121266567,336,373,357,338,348.57142857142856,18.173764450044857,335.2857142857143,22.509582818908903,1.0396250532594802
20130817,7545651,1200134,340,267,17,0.7852941176470588,0.05,358744796,1055131.7529411765,2013,8,17,7,1,1.215,3.209,1.3509999999999995,6345517,18743030,3777405,13347363,4287686,12861222.142857144,7495308.486433973,12508988.92857143,7022274.80437112,1.0281584080293802,13549647,3322719,2258754,18894989,8113440.714285715,6231374.809758349,8405780.714285715,6906467.399971414,0.9652215528888155,336,336,373,363,348.2857142857143,18.382185993639652,337.7142857142857,20.375054776438212,1.0313028764805414
20130818,20622617,12287655,398,310,32,0.7788944723618091,0.08040201005025126,489446855,1229765.9673366833,2013,8,18,1,1,1.2148,3.209,1.3509999999999995,8334962,7545651,18743030,3777405,21426652,13326645.714285715,6955948.733720218,12297663.0,7130923.148627047,1.0836730291182735,1200134,13549647,3322719,8827487,5585604.285714285,4468454.604958621,7897657.071428572,7170393.383006482,0.7072482680871747,340,336,336,320,345.0,17.339742404853276,339.42857142857144,19.393552797512122,1.0164141414141414
20130819,13070136,3086886,375,276,30,0.736,0.08,379497477,1011993.272,2013,8,19,2,0,1.1987,3.403,1.5219999999999998,9983250,20622617,7545651,18743030,20103177,13211783.57142857,6804901.1590567045,13458265.214285715,7064081.685140813,0.98168548182603,12287655,1200134,13549647,7171207,6079914.0,5041491.2629708415,8660553.5,7016145.772272746,0.7020237216940003,398,340,336,353,356.14285714285717,22.79933165269376,346.85714285714283,20.53835864484247,1.0267710049423395
20130820,24350322,2371147,369,278,34,0.7533875338753387,0.0921409214092141,457850008,1240785.9295392954,2013,8,20,3,0,1.2288,3.854,1.3639999999999999,21979175,13070136,20622617,7545651,8343242,12207063.42857143,6100581.958524965,13860883.357142856,6851723.326450177,0.8806843773258382,3086886,12287655,1200134,2769282,5496439.571428572,5129717.410394483,8717388.0,6963607.822841393,0.6305145040496731,375,398,340,357,359.2857142857143,23.788752844669315,350.07142857142856,21.207633914789653,1.0263211589471537
20130821,13256720,18342240,381,297,27,0.7795275590551181,0.07086614173228346,428365067,1124317.7611548556,2013,8,21,4,0,1.2307,3.517,1.5230000000000001,-5085520,24350322,13070136,20622617,13347363,14493789.142857144,7294157.623858276,14234763.57142857,7289373.381671439,1.018196689402589,2371147,3086886,12287655,2258754,5439563.142857143,5167065.97925365,8503292.07142857,7118836.221425504,0.6397008472911697,369,375,398,373,361.0,24.027761721253462,352.57142857142856,21.230291442306537,1.023905996758509
20130822,9410738,2918772,347,264,25,0.760806916426513,0.07204610951008646,292786133,843764.0720461095,2013,8,22,5,0,1.2187,3.357,1.6109999999999998,6491966,13256720,24350322,13070136,3777405,14480840.142857144,7296612.068591774,13435638.642857144,6671020.0525243925,1.0777932130941663,18342240,2371147,3086886,3322719,7737204.0,6826405.517320761,8090544.428571428,6259319.068235123,0.9563267426943951,381,369,375,336,362.14285714285717,24.869181540134985,356.14285714285717,21.52585973573732,1.016847172081829
20130823,14124345,14978324,372,280,36,0.7526881720430108,0.0967741935483871,444702107,1195435.7715053763,2013,8,23,6,0,1.2236,3.265,1.751,-853979,9410738,13256720,24350322,18743030,15285602.0,6138026.371614169,13316844.857142856,6730852.202650073,1.1478396094553243,2918772,18342240,2371147,13549647,7679497.285714285,6871501.199285925,7948451.214285715,6358909.207082867,0.966162725124608,347,381,369,336,363.7142857142857,23.23585078934623,356.14285714285717,21.525859735737328,1.021259526674689
20130824,15617221,6700072,374,294,37,0.786096256684492,0.09893048128342247,472391844,1263079.7967914438,2013,8,24,7,1,1.2204,3.265,1.751,8917149,14124345,9410738,13256720,7545651,14625789.857142856,5949782.228922596,13743506.0,6565500.12468745,1.0641964180859569,14978324,2918772,18342240,1200134,7883594.0,7092575.905436778,7998517.357142857,6415083.74702021,0.9856319175152845,372,347,381,340,368.85714285714283,19.811011848873108,358.57142857142856,21.23753674588856,1.0286852589641433
20130825,16472990,7441408,365,282,26,0.7726027397260274,0.07123287671232877,463096534,1268757.6273972602,2013,8,25,1,1,1.2202,3.265,1.751,9031582,15617221,14124345,9410738,20622617,15778871.285714285,5065353.6144710155,14552758.5,5982700.162460473,1.0842529466639803,6700072,14978324,2918772,12287655,8669299.42857143,6509461.747535553,7127451.857142857,5597548.830752134,1.2163252172490497,374,372,347,398,373.7142857142857,15.184578643196806,359.35714285714283,21.61412338426726,1.0399522957662493
20130826,17671399,2038456,399,309,41,0.7744360902255639,0.10275689223057644,539188551,1351349.7518796993,2013,8,26,2,0,1.185,3.037,1.9699999999999998,15632943,16472990,15617221,14124345,13070136,15186067.42857143,4627937.927979079,14198925.5,5683912.683507344,1.0695222979070795,7441408,6700072,14978324,3086886,7976978.428571428,6315307.002375996,7028446.214285715,5577388.465214166,1.1349561745749392,365,374,372,375,369.0,10.908712114635714,362.57142857142856,18.421201354435578,1.0177304964539007
20130827,3578767,8155499,386,304,35,0.7875647668393783,0.09067357512953368,459550571,1190545.5207253885,2013,8,27,3,0,1.2131,3.006,1.9680000000000004,-4576732,17671399,16472990,15617221,24350322,15843390.714285715,4604020.827626134,14025227.07142857,5524523.749291246,1.1296352375328744,2038456,7441408,6700072,2371147,7827202.714285715,6461354.740920584,6661821.142857143,5733788.073204456,1.1749343830219914,399,365,374,369,372.42857142857144,15.78878444610966,365.85714285714283,20.560818387098625,1.0179617336977744
20130828,15336055,23817930,388,305,36,0.7860824742268041,0.09278350515463918,431450793,1111986.5798969073,2013,8,28,4,0,1.213,3.098,1.8310000000000004,-8481875,3578767,17671399,16472990,13256720,12876025.714285715,4892142.958150199,13684907.42857143,6025502.492776282,0.9408924233862973,8155499,2038456,7441408,18342240,8653538.714285715,6000750.602044901,7046550.928571428,5632318.88397054,1.2280531003045028,386,399,365,381,374.85714285714283,16.466416038192918,367.92857142857144,21.05474288140792,1.018831294894195
20130829,8555055,2802376,398,314,25,0.7889447236180904,0.06281407035175879,367149841,922487.0376884422,2013,8,29,5,0,1.3194,2.957,1.9459999999999997,5752679,15336055,3578767,17671399,9410738,13173073.57142857,4981424.332444749,13826956.857142856,6040355.970630193,0.9527095301974203,23817930,8155499,2038456,2918772,9435780.142857144,7614225.344950122,8586492.07142857,7003051.5466161715,1.0989097834556403,388,386,399,347,375.85714285714283,17.1019352845282,369.0,21.704306556002273,1.0185830429732867
20130830,23603722,3394327,432,335,40,0.7754629629629629,0.09259259259259259,527497175,1221058.275462963,2013,8,30,6,0,1.4113,3.034,1.771,20209395,8555055,15336055,3578767,14124345,13050833.142857144,5098265.355272269,14168217.57142857,5543435.033965834,0.9211344388990236,2802376,23817930,8155499,14978324,9419152.142857144,7630937.967443286,8549324.714285715,7034447.40897614,1.1017422378539405,398,388,386,372,383.14285714285717,13.171036044145913,373.42857142857144,20.75762801668633,1.0260137719969395
20130831,15406531,2158697,406,317,23,0.7807881773399015,0.05665024630541872,573690795,1413031.514778325,2013,8,31,7,1,1.2201,3.034,1.771,13247834,23603722,8555055,15336055,15617221,14405029.857142856,6497793.883741425,14515409.857142856,5986510.322799108,0.9923956677016816,3394327,2802376,23817930,6700072,7764295.428571428,7478987.861879481,7823944.714285715,7002687.2149589555,0.9923760599170169,432,398,388,374,391.7142857142857,21.561650259309047,380.2857142857143,23.15974150057868,1.0300525920360633
20140801,161789233,84022594,3670,2309,325,0.6291553133514987,0.0885558583106267,6221948329,1695353.768119891,2014,8,1,6,0,1.1173,3.196,1.0139999999999998,77766639,15406531,23603722,8555055,16472990,14374931.285714285,6491728.170498123,15076901.285714285,5641199.528798006,0.9534406980123208,2158697,3394327,2802376,7441408,7115527.571428572,7777696.967805806,7892413.5,6937322.131541256,0.9015654807529498,406,432,398,365,396.2857142857143,20.548432914412125,385.0,20.93947321356339,1.029313543599258
20140802,49311714,51999207,3638,2284,247,0.6278174821330401,0.06789444749862562,5737489998,1577100.0544255085,2014,8,2,7,1,1.118,3.196,1.0139999999999998,-2687493,161789233,15406531,23603722,17671399,35134394.571428575,56217942.71108834,25160231.0,39695014.70160589,1.396425755050841,84022594,2158697,3394327,2038456,18055697.0,30110172.53203122,13016337.714285715,21545239.600582995,1.3871564641553114,3670,406,432,399,868.4285714285714,1235.4707412079626,618.7142857142857,878.4620677044652,1.4036019395058879
20140803,59172605,28367603,3625,2260,263,0.623448275862069,0.07255172413793104,5957502316,1643448.9147586208,2014,8,3,1,1,1.1178,3.196,1.0139999999999998,30805002,49311714,161789233,15406531,3578767,39654439.571428575,55850644.61018796,27748915.14285714,40026270.44425732,1.4290446803876597,51999207,84022594,2158697,8155499,25192947.14285714,31566761.06315033,16510074.92857143,23672036.136613652,1.5259135559257584,3638,3670,406,386,1331.142857142857,1586.9130861068427,851.7857142857143,1187.3765638564728,1.562767295597484
20140804,85139930,98958234,3643,2309,303,0.6338182816360143,0.08317320889376888,6192867446,1699936.1641504255,2014,8,4,2,0,1.1451,3.182,0.9230000000000005,-13818304,59172605,49311714,161789233,15336055,47596416.428571425,53780025.21950182,30236221.07142857,40871858.30008945,1.5741522829897288,28367603,51999207,84022594,23817930,28080390.57142857,30659976.40199811,18366964.64285714,23496592.17571111,1.5288530858227003,3625,3638,3670,388,1793.857142857143,1731.0648388175632,1084.357142857143,1387.5435742093543,1.6543047230090244
20140805,105287505,69432303,3638,2307,325,0.6341396371632765,0.08933479934029687,6225994995,1711378.5032985157,2014,8,5,3,0,1.1203,3.145,0.911,35855202,85139930,59172605,49311714,8555055,57568398.571428575,53270454.8701643,35370736.071428575,43032762.821991615,1.6275714040887774,98958234,28367603,51999207,2802376,38814719.71428572,40495111.39581799,24125249.92857143,31874646.500092432,1.6088836314320463,3643,3625,3638,398,2258.8571428571427,1727.6589582989104,1317.357142857143,1527.2020473423265,1.7146884997017837
20140806,93419762,118986780,3678,2345,309,0.6375747688961392,0.08401305057096248,6354823779,1727793.305872757,2014,8,6,4,0,1.1162,3.051,1.053,-25567018,105287505,85139930,59172605,23603722,71387320.0,50932169.46192992,42219076.571428575,46103127.810049355,1.6908782900360924,69432303,98958234,28367603,3394327,48333280.71428572,38395856.46838513,28876216.42857143,33391524.670745023,1.673809338347478,3638,3643,3625,432,2721.714285714286,1573.129652877316,1552.4285714285713,1616.993159886856,1.7531977546701023
20140807,62580985,73321629,3678,2331,280,0.633768352365416,0.07612833061446438,5769219791,1568575.2558455681,2014,8,7,5,0,1.1186,3.04,1.1209999999999996,-10740644,93419762,105287505,85139930,15406531,81361040.0,46673236.343721725,47883034.928571425,47242866.31276183,1.6991621379340038,118986780,69432303,98958234,2158697,64846488.28571428,40638766.3730645,36305391.85714286,40808168.62553014,1.786139329961705,3678,3638,3643,406,3185.4285714285716,1225.757977354265,1788.5714285714287,1671.8166864124287,1.7809904153354632
20140808,77401537,81508463,3615,2312,293,0.6395573997233748,0.08105117565698479,6094714934,1685951.5723374828,2014,8,8,6,0,1.1397,3.001,1.1,-4106926,62580985,93419762,105287505,161789233,88100247.71428572,38199303.45970409,51237589.5,46436022.07951747,1.7194455979293428,73321629,118986780,69432303,84022594,75012621.42857143,29798414.34887849,41064074.5,40974365.48233786,1.826721345651451,3678,3678,3638,3670,3652.8571428571427,21.88171665590978,2024.5714285714287,1689.8749937511634,1.804261924922382
20140809,52162918,32434559,3737,2379,238,0.6366069039336366,0.06368744982606368,6098256878,1631858.945143163,2014,8,9,7,1,1.1173,3.001,1.1,19728359,77401537,62580985,93419762,49311714,76044862.57142857,20092247.222709138,55589628.571428575,45777694.65133448,1.36796853164285,81508463,73321629,118986780,51999207,74653459.85714285,29686659.065948438,46354578.428571425,41080685.11146561,1.6104873000231825,3615,3678,3678,3638,3645.0,24.426761280748327,2256.714285714286,1667.439973712417,1.6151800974868646
20140810,81540137,60317360,3746,2348,236,0.6268019220501868,0.06300053390282968,6121429315,1634124.2164975975,2014,8,10,1,1,1.1172,3.001,1.1,21222777,52162918,77401537,62580985,59172605,76452177.42857143,19479540.963840097,58053308.5,44490050.23349271,1.3169305833546323,32434559,81508463,73321629,28367603,71858510.14285715,32919914.35974924,48525728.64285714,39324046.94742419,1.4808332023559327,3737,3615,3678,3625,3659.1428571428573,42.021536428473375,2495.1428571428573,1619.327916482298,1.466506355204397
20140811,112493322,69798558,3691,2331,291,0.6315361690598754,0.07884042264968844,6523403281,1767381.0027092928,2014,8,11,2,0,1.1235,2.955,1.2110000000000003,42694764,81540137,52162918,77401537,85139930,79647539.14285715,17946895.97517228,63621977.78571428,41953961.72902384,1.251887192364857,60317360,32434559,81508463,98958234,76422761.14285715,27683439.697448745,52251575.85714286,37639881.3579721,1.4625924651880151,3746,3737,3615,3643,3676.4285714285716,49.80246694979786,2735.1428571428573,1529.1691488237286,1.3441449911208607
20140812,55388900,87801889,3707,2360,268,0.6366333962773132,0.0722956568653898,6262224362,1689297.103318047,2014,8,12,3,0,1.1146,2.916,1.238,-32412989,112493322,81540137,52162918,105287505,83555166.57142857,21887358.147985857,70561782.57142857,41384109.95821284,1.1841419466245344,69798558,60317360,32434559,69432303,72257093.14285715,25861167.80707107,55535906.428571425,36968070.91751064,1.3010878508986254,3691,3746,3737,3638,3683.285714285714,47.69246720994239,2971.0714285714284,1387.415109768229,1.2397163120567376
20140813,68124044,82706972,3710,2360,270,0.6361185983827493,0.07277628032345014,6649602795,1792345.766846361,2014,8,13,4,0,1.1138,2.892,1.3279999999999998,-14582928,55388900,112493322,81540137,93419762,76426794.42857143,21755025.830592945,73907057.21428572,37716645.24271016,1.0340933235506862,87801889,69798558,60317360,118986780,74881319.71428572,26452017.20497782,61607300.21428572,34541502.75173885,1.2154617951741047,3707,3691,3746,3678,3693.1428571428573,43.73948853316482,3207.4285714285716,1182.0047321450056,1.1514341706752182
20140814,99442661,55629783,3698,2331,274,0.6303407247160627,0.07409410492157924,5957164855,1610915.320443483,2014,8,14,5,0,1.1367,2.888,1.3449999999999998,43812878,68124044,55388900,112493322,62580985,72813120.42857143,20528237.18964598,77087080.21428572,34922476.04333641,0.9445567302090885,82706972,87801889,69798558,73321629,69698490.0,18824507.18711232,67272489.14285715,30530722.40975156,1.0360623025556717,3710,3707,3691,3678,3697.714285714286,43.56494877656535,3441.5714285714284,874.6344919482048,1.0744261342410029
20140815,74641477,104537863,3642,2332,286,0.6403075233388248,0.0785282811641955,6136477630,1684919.7226798462,2014,8,15,6,0,1.1129,2.889,1.2850000000000006,-29896386,99442661,68124044,55388900,77401537,78079074.14285715,22131331.819601834,83089660.92857143,30439573.832829647,0.939696627357504,55629783,82706972,87801889,81508463,67171083.42857143,19434759.74306211,71091852.42857143,24509254.637612086,0.9448492497232459,3698,3710,3707,3615,3700.5714285714284,42.70385284279451,3676.714285714286,40.93414706091231,1.0064887127481834
20140816,60876795,100464264,3758,2434,260,0.6476849387972325,0.06918573709419905,6410491703,1705825.360031932,2014,8,16,7,1,1.1128,2.889,1.2850000000000006,-39587469,74641477,99442661,68124044,52162918,77684779.85714285,22169967.787926994,76864821.21428572,20344433.88538997,1.0106675411443582,104537863,55629783,82706972,32434559,70460997.71428572,23738893.29116661,72557228.78571428,25914823.902978532,0.971109273238378,3642,3698,3710,3737,3704.4285714285716,34.023801192974304,3674.714285714286,41.95864002237764,1.0080861485829802
20140817,50598827,44805867,3719,2332,269,0.6270502823339608,0.07233127184727077,6005822072,1614902.412476472,2014,8,17,1,1,1.1126,2.889,1.2850000000000006,5792960,60876795,74641477,99442661,81540137,78929619.42857143,20693559.278589647,77690898.42857143,19350089.41878036,1.015944222876234,100464264,104537863,55629783,60317360,80179527.0,19036139.289587755,76019018.57142857,26192937.668847743,1.0547298361220245,3758,3642,3698,3746,3707.4285714285716,38.060728416821576,3683.285714285714,45.94884877009103,1.0065547065896134
20140818,89963247,78263861,3701,2353,306,0.6357741151040259,0.08268035666036207,6411137409,1732271.658740881,2014,8,18,2,0,1.1122,2.858,1.4519999999999995,11699386,50598827,60876795,74641477,112493322,74509432.28571428,23196238.88584069,77078485.71428572,20102315.09595125,0.9666696432245129,44805867,100464264,104537863,69798558,77963599.42857143,22348248.97377313,77193180.28571428,24183929.872852672,1.0099804042274927,3719,3758,3642,3691,3703.5714285714284,34.72202539626756,3690.0,43.583694904613836,1.0036778939217963
20140819,66504376,65468485,3766,2377,269,0.6311736590546999,0.07142857142857142,5778420637,1534365.5435475304,2014,8,19,3,0,1.122,2.835,1.5280000000000005,1035891,89963247,50598827,60876795,55388900,71290850.14285715,18036641.43264182,77423008.35714285,20291545.011347063,0.9207966941041763,78263861,44805867,100464264,87801889,79172928.42857143,22059957.359553125,75715010.78571428,23370018.65680389,1.0456701730208242,3701,3719,3758,3707,3705.0,34.322004603461025,3694.1428571428573,41.47818173979624,1.002939015429831
20140820,72311510,50232833,3737,2344,270,0.6272411024886272,0.07225046829007226,5740952029,1536246.1945410757,2014,8,20,4,0,1.124,2.833,1.4529999999999994,22078677,66504376,89963247,50598827,68124044,72878775.28571428,16853834.269868925,74652784.85714285,18786363.32422891,0.9762365252036699,65468485,78263861,44805867,82706972,75982442.14285715,22218418.41881093,75431880.92857143,23475761.042114936,1.0072987867663947,3766,3701,3719,3710,3713.4285714285716,41.40795874731136,3703.285714285714,42.250950961402665,1.0027388805308028
20140821,84162189,43084548,3747,2410,293,0.6431812116359754,0.07819589004536963,5906238210,1576257.862289832,2014,8,21,5,0,1.1168,2.848,1.3900000000000006,41077641,72311510,66504376,89963247,99442661,73476984.71428572,16730808.489327176,73145052.57142857,17994685.86980805,1.0045379985547622,50232833,65468485,78263861,55629783,71343279.42857143,23906480.838826653,70520884.71428572,20689573.822680995,1.0116617186187842,3737,3766,3701,3698,3717.285714285714,42.28362285690244,3707.5,42.476690440395956,1.0026394374337733
20140822,90717604,60747676,3652,2347,290,0.6426615553121577,0.07940854326396495,6091691976,1668042.7097480833,2014,8,22,6,0,1.104,2.843,1.3609,29969928,84162189,72311510,66504376,74641477,71294060.14285715,13454372.548855439,74686567.14285715,17944408.568145588,0.9545767447911889,43084548,50232833,65468485,104537863,69551103.0,25684877.567895308,68361093.21428572,21916559.69940969,1.0174077056079847,3747,3737,3766,3642,3724.285714285714,42.61343405435383,3712.4285714285716,42.792368632582296,1.0031939046446299
20140823,36999353,58053185,3650,2253,241,0.6172602739726027,0.06602739726027397,5287512568,1448633.5802739726,2014,8,23,7,1,1.0997,2.843,1.3609,-21053832,90717604,84162189,72311510,60876795,73590649.71428572,15358328.005993336,75637714.78571428,18445305.679302208,0.9729359212235852,60747676,43084548,50232833,100464264,63295362.0,20566009.568783604,66878179.85714286,21659403.71151777,0.9464277008615359,3652,3747,3737,3758,3725.714285714286,39.444958637381816,3715.0714285714284,37.07261955782356,1.002864778604526
20140824,41790363,73532319,3786,2379,233,0.6283676703645008,0.06154252509244585,6344079988,1675668.2482831485,2014,8,24,1,1,1.0993,2.843,1.3609,-31741956,36999353,90717604,84162189,50598827,70179586.57142857,20457691.569118522,74554603.0,20283403.60269165,0.9413179568728783,58053185,60747676,43084548,44805867,57236636.428571425,12428197.458899258,68708081.71428572,19500147.817948166,0.8330408155853206,3650,3652,3747,3719,3710.285714285714,45.386173686539884,3708.8571428571427,40.268057856277125,1.0003851783375703
20140825,88198662,73364411,3831,2444,313,0.6379535369355259,0.08170190550770035,6877124590,1795125.1866353434,2014,8,25,2,0,1.1122,2.841,1.3579999999999997,14834251,41790363,36999353,90717604,89963247,68921234.57142857,22070193.275570538,71715333.42857143,21944425.288141966,0.9610390313540716,73532319,58053185,60747676,78263861,61340415.28571428,12382102.594662355,69652007.35714285,19382228.298935354,0.8806697410914431,3786,3650,3652,3701,3719.8571428571427,53.812726411226635,3711.714285714286,44.32125479240886,1.002193826495266
20140826,76683594,69400759,3812,2383,302,0.6251311647429171,0.07922350472193075,5829120639,1529150.2200944386,2014,8,26,3,0,1.1085,2.823,1.3770000000000002,7282835,88198662,41790363,36999353,66504376,68669151.0,21798198.265212305,69980000.57142857,19269241.857785806,0.9812682257684382,73364411,73532319,58053185,65468485,60640493.85714286,11362533.579253916,69906711.14285715,19407715.133766998,0.867448816655408,3831,3786,3650,3766,3738.4285714285716,67.02948889072913,3721.714285714286,54.02054961049339,1.0044910179640718
20140827,80463506,94922161,3763,2373,319,0.6306138719107095,0.08477278766941271,5926146509,1574846.2686686155,2014,8,27,4,0,1.1079,2.861,1.3169999999999997,-14458655,76683594,88198662,41790363,72311510,70123325.0,21968581.26696973,71501050.14285715,18865099.08809554,0.9807313998870717,69400759,73364411,73532319,50232833,61202247.28571428,11732197.822901053,68592344.71428572,18713230.73037474,0.8922606092654491,3812,3831,3786,3737,3745.0,72.23572523343276,3729.214285714286,58.889960710867044,1.0042329866498114
20140828,65035512,69829231,3762,2356,323,0.6262626262626263,0.08585858585858586,6105676145,1622986.7477405635,2014,8,28,5,0,1.1043,2.876,1.2570000000000001,-4793719,80463506,76683594,88198662,84162189,71287895.85714285,22317216.783797625,72382440.28571428,18983071.590589903,0.9848783154553653,94922161,69400759,73364411,43084548,67586437.0,16110380.595056333,69464858.21428572,19681665.935008228,0.9729586835333177,3763,3812,3831,3747,3748.714285714286,72.42401601152825,3733.0,59.26212956011628,1.0042095595269986
20140829,62668144,90975910,3694,2330,304,0.6307525717379534,0.08229561451001624,5877018619,1590963.351109908,2014,8,29,6,0,1.1169,2.908,1.206,-28307766,65035512,80463506,76683594,90717604,68555513.42857143,21638824.959114548,69924786.78571428,17368853.75771527,0.980417911586359,69829231,94922161,69400759,60747676,71407106.0,11970597.009691384,70479104.5,19275543.26412549,1.0131670444252026,3762,3763,3812,3652,3750.8571428571427,72.58656572541177,3737.5714285714284,58.821391040641295,1.0035546382295608
20140830,27048936,46303078,3765,2364,279,0.6278884462151394,0.07410358565737052,5964418783,1584174.975564409,2014,8,30,7,1,1.1206,2.908,1.206,-19254142,62668144,65035512,80463506,36999353,64548447.71428572,19324161.493189633,69069548.71428572,17413464.504974585,0.9345427748673723,90975910,69829231,94922161,58053185,75725425.14285715,12900585.49794766,69510393.57142857,17709379.910772387,1.0894115433980682,3694,3762,3763,3650,3756.8571428571427,64.31803420355389,3741.285714285714,53.745022769810774,1.004162052770247
20140831,150330025,124448350,3818,2374,338,0.6217915138816134,0.08852802514405447,5881897725,1540570.383708748,2014,8,31,1,1,1.1204,2.908,1.206,25881675,27048936,62668144,65035512,41790363,63126959.571428575,21884757.4959545,66653273.071428575,20678578.560298108,0.9470946686110816,46303078,90975910,69829231,73532319,74046838.42857143,15980162.198621409,65641737.428571425,16285893.318387415,1.1280450720724156,3765,3694,3762,3786,3773.285714285714,43.93068132757294,3741.785714285714,53.94467047380559,1.0084184403932424
20130901,15905424,7927828,404,292,39,0.7227722772277227,0.09653465346534654,471726012,1167638.6435643565,2013,9,1,1,1,1.2199,0.0,0.0,7977596,0,0,0,0,0.0,0.0,0.0,0.0,1.0,0,0,0,0,0.0,0.0,0.0,0.0,1.0,0,0,0,0,0.0,0.0,0.0,0.0,1.0
20130902,18309545,5072179,401,302,39,0.7531172069825436,0.09725685785536159,468140695,1167433.1546134662,2013,9,2,2,0,1.4475,3.0188,1.5811999999999995,13237366,15905424,0,0,0,15905424.0,0.0,15905424.0,0.0,1.0,7927828,0,0,0,7927828.0,0.0,7927828.0,0.0,1.0,404,0,0,0,404.0,0.0,404.0,0.0,1.0
20130903,16427093,30282301,441,338,37,0.7664399092970522,0.08390022675736962,577198121,1308839.276643991,2013,9,3,3,0,1.2339,3.0006,1.5223999999999998,-13855208,18309545,15905424,0,0,17107484.5,1699970.261892984,17107484.5,1699970.261892984,1.0,5072179,7927828,0,0,6500003.5,2019248.7725885832,6500003.5,2019248.7725885832,1.0,401,404,0,0,402.5,2.1213203435596424,402.5,2.1213203435596424,1.0
20130904,13266082,3899385,419,335,38,0.7995226730310262,0.09069212410501193,566581330,1352222.7446300716,2013,9,4,4,0,1.2349,3.005,1.5760000000000005,9366697,16427093,18309545,15905424,0,16880687.333333332,1264618.6421543583,16880687.333333332,1264618.6421543583,1.0,30282301,5072179,7927828,0,14427436.0,13804754.287163861,14427436.0,13804754.287163861,1.0,441,401,404,0,415.3333333333333,22.27853974867593,415.3333333333333,22.27853974867593,1.0
20130905,4658951,6130414,446,341,35,0.7645739910313901,0.07847533632286996,465743767,1044268.5358744395,2013,9,5,5,0,1.2374,2.89,1.6839999999999997,-1471463,13266082,16427093,18309545,0,15977036.0,2081469.7857515647,15977036.0,2081469.7857515647,1.0,3899385,30282301,5072179,0,11795423.25,12440155.080114406,11795423.25,12440155.080114406,1.0,419,441,401,0,416.25,18.282505298782223,416.25,18.282505298782223,1.0
20130906,8154315,3410306,453,361,30,0.7969094922737306,0.06622516556291391,514468299,1135691.609271523,2013,9,6,6,0,1.5058,2.95,1.5339999999999998,4744009,4658951,13266082,16427093,0,13713419.0,5373006.3246931415,13713419.0,5373006.3246931415,1.0,6130414,3899385,30282301,0,10662421.4,11067364.626390932,10662421.4,11067364.626390932,1.0,446,419,441,0,422.2,20.680909070928195,422.2,20.680909070928195,1.0
20130907,8506865,1417194,428,320,22,0.7476635514018691,0.0514018691588785,662886441,1548800.0957943925,2013,9,7,7,1,1.2415,2.95,1.5339999999999998,7089671,8154315,4658951,13266082,0,12786901.666666666,5314693.197726156,12786901.666666666,5314693.197726156,1.0,3410306,6130414,3899385,0,9453735.5,10332220.354209656,9453735.5,10332220.354209656,1.0,453,446,419,0,427.3333333333333,22.366641828103447,427.3333333333333,22.366641828103447,1.0
20130908,13675770,3766094,442,349,31,0.7895927601809954,0.07013574660633484,667641433,1510500.979638009,2013,9,8,1,1,1.2381,2.95,1.5339999999999998,9909676,8506865,8154315,4658951,15905424,12175467.857142856,5114221.571164616,12175467.857142856,5114221.571164616,1.0,1417194,3410306,6130414,7927828,8305658.142857143,9909030.520986525,8305658.142857143,9909030.520986525,1.0,428,453,446,404,427.42857142857144,20.41941186597648,427.42857142857144,20.41941186597648,1.0
20130909,12755226,7771923,452,351,47,0.7765486725663717,0.10398230088495575,550731662,1218432.8805309734,2013,9,9,2,0,1.44,2.92,1.678,4983303,13675770,8506865,8154315,18309545,11856945.857142856,4908491.17201727,12363005.625,4764468.444023529,0.9590666070042216,3766094,1417194,3410306,5072179,7711124.714285715,10059190.757722475,7738212.625,9313316.138551908,0.9964994615647066,442,428,453,401,432.85714285714283,18.068652148851353,429.25,19.594095320493153,1.0084033613445378
20130910,15519151,11886425,456,355,47,0.7785087719298246,0.10307017543859649,445667787,977341.6381578947,2013,9,10,3,0,1.4214,2.8955,1.9665,3632726,12755226,13675770,8506865,16427093,11063471.714285715,4068647.94339183,12406585.666666666,4458669.374389517,0.8917418548126778,7771923,3766094,1417194,30282301,8096802.428571428,9992683.515577933,7741958.222222222,8711816.778090661,1.0458339087042183,452,442,428,441,440.14285714285717,12.509044347039096,431.77777777777777,19.8354340624158,1.0193735754723918
20130911,10971461,50713584,416,314,29,0.7548076923076923,0.06971153846153846,489175464,1175902.5576923077,2013,9,11,4,0,1.2527,3.014,2.124,-39742123,15519151,12755226,13675770,13266082,10933765.714285715,3879223.6250553075,12717842.2,4317369.535824558,0.8597186175407739,11886425,7771923,3766094,3899385,5468820.142857143,3486717.6342954906,8156404.9,8317484.642373485,0.6704939504483333,456,452,442,419,442.2857142857143,13.889015872435374,434.2,20.208908926510624,1.018622096466408
20130912,28488120,11440703,447,334,40,0.7472035794183445,0.0894854586129754,681132493,1523786.3378076062,2013,9,12,5,0,1.2598,2.967,2.4069999999999996,17047417,10971461,15519151,12755226,4658951,10605962.714285715,3743879.3078262513,12559080.272727273,4129524.256260547,0.8444856218744887,50713584,11886425,7771923,6130414,12156562.857142856,17342084.701199453,12025239.363636363,15063504.800534705,1.0109206552597703,416,456,452,446,441.85714285714283,14.74707396320335,432.54545454545456,19.941733306629285,1.0215276526751935
20130913,39141396,35288379,417,332,42,0.7961630695443646,0.10071942446043165,816192285,1957295.6474820145,2013,9,13,6,0,1.3805,2.979,2.5043999999999995,3853017,28488120,10971461,15519151,8154315,14010129.714285715,6920813.09942899,13886500.25,6053695.241981789,1.0089028525589603,11440703,50713584,11886425,3410306,12915175.57142857,17149620.711239018,11976528.0,14363479.503602076,1.0783739303601654,447,416,456,453,442.0,14.798648586948739,433.75,19.466171122791938,1.0190201729106627
20130914,12894230,20771733,445,338,28,0.7595505617977528,0.06292134831460675,530346763,1191790.4786516854,2013,9,14,7,1,1.2613,2.979,2.5043999999999995,-7877503,39141396,28488120,10971461,8506865,18436855.57142857,11161724.70393593,15829184.538461538,9091511.412089445,1.164738178813378,35288379,11440703,50713584,1417194,17469186.0,18392487.381345678,13769747.307692308,15196063.398375364,1.2686642397744687,417,447,416,428,436.85714285714283,16.496752927253812,432.46153846153845,19.207704116731332,1.0101641510392845
20130915,7210936,5700178,462,349,40,0.7554112554112554,0.08658008658008658,561392051,1215134.3095238095,2013,9,15,1,1,1.2611,2.979,2.5043999999999995,1510758,12894230,39141396,28488120,13675770,19063622.0,10621289.333089666,15619544.92857143,8769990.932773924,1.2204979138110887,20771733,35288379,11440703,3766094,20234120.14285714,16977572.933414955,14269889.142857144,14719348.67745553,1.4179591684484403,445,417,447,442,439.2857142857143,16.2246138702311,433.35714285714283,18.755951436429843,1.0136805670018132
20130916,99469006,9971852,451,346,38,0.7671840354767184,0.08425720620842572,682988320,1514386.5188470066,2013,9,16,2,0,1.4143,3.008,2.662,89497154,7210936,12894230,39141396,12755226,18140074.285714287,11418970.737038003,14998510.07142857,9051515.086306902,1.2094584194912963,5700178,20771733,35288379,7771923,20510417.85714286,16677994.99559325,14110771.285714285,14804972.350761237,1.4535291829091979,462,445,417,452,442.14285714285717,18.3977224263274,437.5,18.16907770403839,1.0106122448979593
20130917,24391659,14827316,480,357,39,0.74375,0.08125,714555045,1488656.34375,2013,9,17,3,0,1.2495,3.493,2.3430000000000004,9564343,99469006,7210936,12894230,15519151,30527757.14285714,32387171.05301293,20795614.42857143,24367224.037444953,1.4679901499286583,9971852,5700178,20771733,11886425,20824693.42857143,16416626.925135514,14460747.92857143,14631771.05118833,1.440084118154509,451,462,445,456,442.0,18.312108926427168,441.07142857142856,15.09693950499844,1.0021052631578948
20130918,20340949,14408944,452,353,39,0.7809734513274337,0.08628318584070796,425477382,941321.6415929204,2013,9,18,4,0,1.3366,3.557,2.3560000000000003,5932005,24391659,99469006,7210936,10971461,31795258.285714287,31871409.91792924,21364512.0,24350355.280327708,1.4882276873777547,14827316,9971852,5700178,50713584,21244820.714285713,16185766.29099693,13356820.42857143,13911547.668235024,1.5905597314792934,480,451,462,416,445.42857142857144,23.013453622154326,443.85714285714283,18.333899425159597,1.0035403926617317
20130919,6201324,3326791,449,341,27,0.7594654788418709,0.060133630289532294,580577092,1293044.7483296213,2013,9,19,5,0,1.2594,3.557,2.3560000000000003,2874533,20340949,24391659,99469006,28488120,33133756.57142857,31036941.014244966,21869859.64285714,24242532.989965696,1.5150420310196322,14408944,14827316,9971852,11440703,16058443.57142857,9677343.199008958,14107503.214285715,13642917.562236313,1.1382909737824671,452,480,451,447,450.57142857142856,19.01628374890972,446.2142857142857,16.96230468479385,1.0097646870497838
20130920,3593237,3794302,476,364,35,0.7647058823529411,0.07352941176470588,557405222,1171019.37394958,2013,9,20,6,0,1.2592,3.557,2.3560000000000003,-201065,6201324,20340949,24391659,39141396,29949928.57142857,32691912.621360425,21980029.14285714,24161671.785990313,1.3625973094381183,3326791,14408944,14827316,35288379,14899313.285714285,10749203.043545099,13907244.42857143,13788813.60520098,1.071334681880238,449,452,480,417,450.85714285714283,18.968645808531612,446.42857142857144,16.978331374541398,1.00992
20130921,8703801,5919004,486,372,42,0.7654320987654321,0.08641975308641975,712281038,1465598.8436213993,2013,9,21,7,1,1.2569,3.557,2.3560000000000003,2784797,3593237,6201324,20340949,12894230,24871620.14285714,33769400.61329442,21654237.85714286,24392086.957264416,1.1485797979564079,3794302,3326791,14408944,20771733,10400159.42857143,6572452.274086029,13934672.714285715,13766691.419020887,0.7463511803839691,476,449,452,445,459.2857142857143,13.828886261666018,448.07142857142856,18.689628080895513,1.0250278973377969
20130922,11721308,26484172,447,340,50,0.7606263982102909,0.11185682326621924,627252254,1403248.8903803132,2013,9,22,1,1,1.2567,3.573,2.3750000000000004,-14762864,8703801,3593237,6201324,7210936,24272987.42857143,34053062.71101679,21668304.714285713,24383977.102211487,1.1202070373585098,5919004,3794302,3326791,5700178,8278341.0,4833549.332383571,14256230.57142857,13501849.968238771,0.5806823170067776,486,476,449,462,465.14285714285717,15.36694039628113,452.2142857142857,20.260528398563807,1.0285894803348603
20130923,11232247,18198024,456,334,50,0.7324561403508771,0.10964912280701754,499042030,1094390.4166666667,2013,9,23,2,0,1.2346,3.815,2.1889999999999996,-6965777,11721308,8703801,3593237,99469006,24917326.285714287,33717432.01369605,21528700.285714287,24438789.615155052,1.1574003983068395,26484172,5919004,3794302,9971852,11247483.0,8198312.055176947,15878950.42857143,13509295.641120061,0.7083266019750334,447,486,476,451,463.0,16.852299546352718,452.57142857142856,20.110136310268572,1.0230429292929293
20130924,24728983,23043254,501,362,45,0.7225548902195609,0.08982035928143713,746450516,1489921.1896207584,2013,9,24,3,0,1.3281,3.6144,2.4945000000000004,1685729,11232247,11721308,8703801,24391659,12312075.0,7508586.824342359,21419916.07142857,24484194.454709653,0.5747956695508595,18198024,26484172,5919004,14827316,12422650.42857143,8566305.890645549,16623671.92857143,13313970.569627024,0.7472867897026034,456,447,486,480,463.7142857142857,16.357610723190255,452.85714285714283,20.129798588381142,1.02397476340694
20130925,22895636,35544147,505,377,50,0.7465346534653465,0.09900990099009901,721168951,1428057.3287128713,2013,9,25,4,0,1.3895,3.347,2.509,-12648511,24728983,11232247,11721308,20340949,12360264.142857144,7599564.196990825,22077761.214285713,24437136.568236433,0.5598513374109358,23043254,18198024,26484172,14408944,13596355.857142856,9466267.236458385,17420588.285714287,13342477.068662586,0.7804762752066482,501,456,447,452,466.7142857142857,21.084862545708678,456.07142857142856,23.9083644382022,1.0233359436178544
20130926,26950753,24075525,521,394,57,0.7562380038387716,0.10940499040307101,644851094,1237718.0307101728,2013,9,26,5,0,1.4449,3.112,2.3229999999999995,2875228,22895636,24728983,11232247,6201324,12725219.42857143,8092080.889779028,22929488.0,24227162.5104178,0.5549718087281944,35544147,23043254,18198024,3326791,16615670.57142857,12615418.473079704,16337057.07142857,10805572.937528774,1.0170540813306737,505,501,456,449,474.2857142857143,24.205469669162824,462.42857142857144,24.263661610014164,1.0256410256410255
20130927,11695958,8609915,492,356,43,0.7235772357723578,0.08739837398373984,734778406,1493452.0447154471,2013,9,27,6,0,1.3799,3.1477,2.1823,3086043,26950753,22895636,24728983,3593237,15689423.57142857,9047925.076921852,22819676.07142857,24203501.978391673,0.68753927629466,24075525,35544147,23043254,3794302,19579775.42857143,11346411.94466415,17239544.35714286,10892453.707759101,1.1357478494180122,521,505,501,476,484.57142857142856,26.82571616227697,467.7142857142857,28.35876901806178,1.0360415394013438
20130928,10273033,5916071,493,371,40,0.7525354969574036,0.08113590263691683,674309591,1367767.9330628803,2013,9,28,7,1,1.3138,3.1477,2.1823,4356962,11695958,26950753,22895636,8703801,16846955.14285714,7653327.941849294,20859287.64285714,23889261.2621522,0.8076476738469089,8609915,24075525,35544147,5919004,20267720.14285714,10330296.664479284,15333939.785714285,9767542.754540691,1.3217555583294625,492,521,505,486,486.85714285714283,26.654759246262017,473.07142857142856,24.916674323445715,1.0291408727162916
20130929,14331852,7482742,537,387,47,0.7206703910614525,0.08752327746741155,875978221,1631244.3594040968,2013,9,29,1,1,1.3136,3.15,2.15,6849110,10273033,11695958,26950753,11721308,17071131.14285714,7393626.538063385,20672059.285714287,23966634.38579219,0.8258069942095407,5916071,8609915,24075525,26484172,20267301.14285714,10330975.688024879,14272821.07142857,9936825.934431365,1.4199926588744507,493,492,521,447,487.85714285714283,26.74838668922278,476.5,24.044030124240493,1.0238345075700794
20130930,8502690,7532859,525,385,46,0.7333333333333333,0.08761904761904762,792331110,1509202.1142857142,2013,9,30,2,0,1.3162,3.126,2.174,969831,14331852,10273033,11695958,11232247,17444066.0,7140305.315776864,21180696.14285714,23733405.145081382,0.8235832232493803,7482742,5916071,8609915,18198024,17552811.14285714,10905584.421918027,14400147.07142857,9829369.739900444,1.2189327689356586,537,493,492,456,500.7142857142857,25.434322517117728,481.85714285714283,28.506024040427068,1.039134301808479
20131001,11130176,5793064,499,372,33,0.7454909819639278,0.06613226452905811,669585134,1341853.9759519037,2013,10,1,3,0,1.3181,0.0,0.0,5337112,0,0,0,0,0.0,0.0,0.0,0.0,1.0,0,0,0,0,0.0,0.0,0.0,0.0,1.0,0,0,0,0,0.0,0.0,0.0,0.0,1.0
20131002,5531117,2797142,492,378,40,0.7682926829268293,0.08130081300813008,553980943,1125977.5264227642,2013,10,2,4,0,1.3179,0.0,0.0,2733975,11130176,0,0,0,11130176.0,0.0,11130176.0,0.0,1.0,5793064,0,0,0,5793064.0,0.0,5793064.0,0.0,1.0,499,0,0,0,499.0,0.0,499.0,0.0,1.0
20131003,1262254,909373,518,387,34,0.747104247104247,0.06563706563706563,619572683,1196086.2606177607,2013,10,3,5,0,1.3177,0.0,0.0,352881,5531117,11130176,0,0,8330646.5,3959132.5871635694,8330646.5,3959132.5871635694,1.0,2797142,5793064,0,0,4295103.0,2118436.7621059637,4295103.0,2118436.7621059637,1.0,492,499,0,0,495.5,4.949747468305833,495.5,4.949747468305833,1.0
20131004,11067756,4145856,502,375,31,0.7470119521912351,0.061752988047808766,754226644,1502443.513944223,2013,10,4,6,0,1.3175,0.0,0.0,6921900,1262254,5531117,11130176,0,5974515.666666667,4948880.977829466,5974515.666666667,4948880.977829466,1.0,909373,2797142,5793064,0,3166526.3333333335,2462710.505754652,3166526.3333333335,2462710.505754652,1.0,518,492,499,0,503.0,13.45362404707371,503.0,13.45362404707371,1.0
20131005,5851567,3477661,522,381,24,0.7298850574712644,0.04597701149425287,787898404,1509383.9157088122,2013,10,5,7,1,1.3173,0.0,0.0,2373906,11067756,1262254,5531117,0,7247825.75,4776284.07464997,7247825.75,4776284.07464997,1.0,4145856,909373,2797142,0,3411358.75,2069557.2004109758,3411358.75,2069557.2004109758,1.0,502,518,492,0,502.75,10.996211468804457,502.75,10.996211468804457,1.0
20131006,10149519,3674996,510,384,36,0.7529411764705882,0.07058823529411765,766466422,1502875.3372549019,2013,10,6,1,1,1.3111,0.0,0.0,6474523,5851567,11067756,1262254,0,6968574.0,4183249.319692349,6968574.0,4183249.319692349,1.0,3477661,4145856,909373,0,3424619.2,1792534.3656400845,3424619.2,1792534.3656400845,1.0,522,502,518,0,506.6,12.83744522870497,506.6,12.83744522870497,1.0
20131007,6855090,4052029,497,355,33,0.7142857142857143,0.06639839034205232,621444764,1250391.879275654,2013,10,7,2,0,1.3109,0.0,0.0,2803061,10149519,5851567,11067756,0,7498731.5,3960563.3116266048,7498731.5,3960563.3116266048,1.0,3674996,3477661,4145856,0,3466348.6666666665,1606546.498527281,3466348.6666666665,1606546.498527281,1.0,510,522,502,0,507.1666666666667,11.565754046609614,507.1666666666667,11.565754046609614,1.0
20131008,20575286,10269342,521,391,58,0.7504798464491362,0.11132437619961612,736168596,1412991.547024952,2013,10,8,3,0,1.4756,3.052,2.126,10305944,6855090,10149519,5851567,11130176,7406782.714285715,3623658.396638573,7406782.714285715,3623658.396638573,1.0,4052029,3674996,3477661,5793064,3550017.285714286,1483182.200979335,3550017.285714286,1483182.200979335,1.0,497,510,522,499,505.7142857142857,11.235572759681425,505.7142857142857,11.235572759681425,1.0
20131009,14787267,19268793,589,445,60,0.7555178268251274,0.10186757215619695,900446464,1528771.58573854,2013,10,9,4,0,1.2935,3.232,1.9809999999999999,-4481526,20575286,6855090,10149519,5531117,8756084.142857144,6131706.150044032,9052845.625,5738574.922534712,0.9672189834626881,10269342,4052029,3674996,2797142,4189485.5714285714,2899844.963738398,4389932.875,2743944.910078524,0.9543393237940048,521,497,510,492,508.85714285714283,12.088955998880012,507.625,11.722231625663873,1.002427269849087
20131010,26433361,5145611,549,417,48,0.7595628415300546,0.08743169398907104,781262183,1423064.0856102004,2013,10,10,5,0,1.3088,3.328,1.7719999999999998,21287750,14787267,20575286,6855090,1262254,10078391.285714285,6315618.23559071,9690003.555555556,5698119.77147548,1.0400812783949966,19268793,10269342,4052029,909373,6542578.571428572,6286787.336950431,6043139.555555556,5584434.6552318325,1.0826456200922703,589,521,497,518,522.7142857142857,30.744724673317446,516.6666666666666,29.257477676655586,1.011705069124424
20131011,14431551,11366732,549,410,50,0.7468123861566485,0.09107468123861566,680029143,1238668.7486338797,2013,10,11,6,0,1.3122,3.1,1.9,3064819,26433361,14787267,20575286,11067756,13674263.714285715,7511889.134821274,11364339.3,7542874.253977341,1.2032607750708142,5145611,19268793,10269342,4145856,7147755.428571428,5842331.302755515,5953386.7,5272699.973613225,1.2006200485131309,549,589,521,502,527.1428571428571,32.152908481341534,519.9,29.418248304977876,1.013931250515209
20131012,20757066,3709910,541,402,41,0.7430683918669131,0.07578558225508318,665209694,1229592.7800369686,2013,10,12,7,1,1.3082,3.027,1.7779999999999996,17047156,14431551,26433361,14787267,5851567,14154805.857142856,7424441.915660696,11643176.727272727,7215310.820020965,1.2157168261465054,11366732,5145611,19268793,3477661,8179309.142857143,5861408.419764981,6445509.0,5261678.102116947,1.2689935182554462,549,549,589,522,533.8571428571429,30.910777901505345,522.5454545454545,29.25530254966999,1.0216472810418533
20131013,23675362,19752273,579,423,33,0.7305699481865285,0.05699481865284974,692280617,1195648.7340241796,2013,10,13,1,1,1.308,3.027,1.7779999999999996,3923089,20757066,14431551,26433361,10149519,16284162.857142856,6753282.675795118,12402667.5,7365448.607977625,1.3129564956202249,3709910,11366732,5145611,3674996,8212487.571428572,5830937.314043568,6217542.416666667,5078586.428546386,1.3208575062414178,541,549,549,510,536.5714285714286,30.527895128101793,524.0833333333334,28.39800996015337,1.0238284533084978
20131014,22864598,9901135,581,416,57,0.7160068846815835,0.0981067125645439,706283567,1215634.3666092944,2013,10,14,2,0,1.2777,3.113,1.7369999999999997,12963463,23675362,20757066,14431551,6855090,18216426.14285714,6639546.182701079,13269797.846153846,7713877.704991685,1.3727734479494758,19752273,3709910,11366732,4052029,10509241.42857143,6827044.867979284,7258675.538461538,6142813.666478573,1.4478180451634903,579,541,549,497,546.4285714285714,31.637831483089684,528.3076923076923,31.164575550306637,1.0342998585572845
20131015,37342145,11579968,607,432,58,0.7116968698517299,0.09555189456342669,875725112,1442710.2339373971,2013,10,15,3,0,1.3456,3.117,1.596,25762177,22864598,23675362,20757066,20575286,20503498.714285713,4479807.977785794,13955140.714285715,7842347.436570402,1.4692434231993463,9901135,19752273,3709910,10269342,11344828.0,6237494.3744627135,7447422.642857143,5943928.72101724,1.5233227042486808,581,579,541,521,558.4285714285714,24.99904760090635,532.0714285714286,33.0883764990164,1.049536850583971
20131016,42862853,20024764,628,452,52,0.7197452229299363,0.08280254777070063,817228490,1301319.2515923567,2013,10,16,4,0,1.313,3.055,1.802,22838089,37342145,22864598,23675362,14787267,22898764.285714287,7786589.457996694,15827424.214285715,9959250.357440481,1.446777692673836,11579968,9901135,19752273,19268793,11532060.285714285,6219475.40138276,7860772.928571428,6020751.055339186,1.4670389782916748,607,581,579,589,570.7142857142857,24.66924053495424,539.7857142857143,37.12800844361317,1.0572978695249435
20131017,21187697,4153695,612,434,53,0.7091503267973857,0.08660130718954248,798588450,1304883.0882352942,2013,10,17,5,0,1.2908,3.038,1.6920000000000006,17034002,42862853,37342145,22864598,26433361,26909562.285714287,9865333.227370845,18493976.785714287,11815179.645166056,1.4550446665695307,20024764,11579968,9901135,5145611,11640056.142857144,6380681.614068292,9091317.357142856,6635369.845643393,1.280348676169774,628,607,581,549,576.2857142857143,32.61244284887947,549.5,41.228724116902924,1.0487456128948396
20131018,16089444,7035551,650,464,49,0.7138461538461538,0.07538461538461538,741134898,1140207.5353846154,2013,10,18,6,0,1.2917,3.001,1.6120000000000005,9053893,21187697,42862853,37342145,14431551,26160181.714285713,10103883.528293362,19917222.714285713,10730062.597216925,1.313445257381302,4153695,20024764,11579968,11366732,11498353.857142856,6557512.432875732,9323054.642857144,6379352.508464435,1.233324730747161,612,628,607,549,585.2857142857143,32.52032331591169,556.2142857142857,43.306028309140615,1.052266598176448
20131019,7524278,4437529,680,485,54,0.7132352941176471,0.07941176470588235,1155483735,1699240.7867647058,2013,10,19,7,1,1.2859,3.001,1.6120000000000005,3086749,16089444,21187697,42862853,20757066,26397023.57142857,9797934.26647248,20275914.714285713,10492791.492143212,1.3018906393816174,7035551,4153695,20024764,3709910,10879613.714285715,6772803.768525058,9529461.42857143,6244275.125918308,1.1416819088711803,650,612,628,541,599.7142857142857,35.96161975270433,566.7857142857143,46.96345317442003,1.058097038437303
20131020,16080343,8452091,649,452,49,0.6964560862865947,0.07550077041602465,887644663,1367711.345146379,2013,10,20,1,1,1.2857,3.001,1.6120000000000005,7628252,7524278,16089444,21187697,23675362,24506625.285714287,12078584.76524075,20395394.07142857,10324076.901720274,1.2015764539722742,4437529,7035551,4153695,19752273,10983559.285714285,6648877.056369963,9598023.42857143,6177629.063410178,1.1443563737319487,680,650,612,579,619.5714285714286,36.50962038904789,578.0714285714286,53.85231126489774,1.0717904361794144
20131021,32914287,21178819,637,430,53,0.6750392464678179,0.08320251177394035,848494661,1332016.7362637362,2013,10,21,2,0,1.34,3.06,1.6229999999999998,11735468,16080343,7524278,16089444,22864598,23421622.57142857,12499492.50879777,20819024.35714286,9987509.751408804,1.1250105754063724,8452091,4437529,7035551,9901135,9369247.57142857,5424041.727449063,9939244.5,5953158.003066668,0.9426518858076759,649,680,650,581,629.5714285714286,32.95884880097777,588.0,53.14566340221503,1.0706997084548104
20131022,28617502,5344227,733,506,60,0.6903137789904502,0.08185538881309687,842110141,1148854.2169167805,2013,10,22,3,0,1.2698,3.052,1.6549999999999998,23273275,32914287,16080343,7524278,37342145,24857292.42857143,12992281.323118225,22680395.57142857,9605898.187909253,1.0959814325233896,21178819,8452091,4437529,11579968,10980345.285714285,7041957.51835233,11162586.642857144,6393734.777961838,0.9836739133165454,637,649,680,607,637.5714285714286,25.05232619177405,598.0,47.586358743462796,1.0661729574773053
20131023,42481404,31385011,695,512,58,0.7366906474820144,0.08345323741007195,881323690,1268091.6402877697,2013,10,23,4,0,1.273,3.78,1.0340000000000003,11096393,28617502,32914287,16080343,42862853,23610914.85714286,11973510.184368901,23254839.57142857,9710226.899285015,1.0153118788293758,5344227,21178819,8452091,20024764,10089525.142857144,7341507.0249496335,10810792.714285715,6579459.731906114,0.9332826379627587,733,637,649,628,655.5714285714286,40.144975372006996,613.1428571428571,54.43677651517066,1.0691985088536813
20131024,23473205,16083587,695,498,62,0.7165467625899281,0.08920863309352518,1002921489,1443052.5021582735,2013,10,24,5,0,1.2811,4.088,1.3120000000000003,7389618,42481404,28617502,32914287,21187697,23556422.14285714,11871725.014040958,25232992.214285713,10629886.56078909,0.9335564305180034,31385011,5344227,21178819,4153695,11712417.57142857,10486011.636815637,11676236.857142856,8339136.434088548,1.0030986622426712,695,733,637,612,665.1428571428571,40.46162202807564,620.7142857142857,58.07081694121223,1.0715765247410818
20131025,31561712,18512510,710,527,60,0.7422535211267606,0.08450704225352113,970428296,1366800.4169014085,2013,10,25,6,0,1.2758,4.367,2.0549999999999997,13049202,23473205,42481404,28617502,16089444,23882923.285714287,11827066.233647346,25021552.5,10633612.958325716,0.9544940620976371,16083587,31385011,5344227,7035551,13416687.857142856,10011491.02364104,12457520.857142856,8191297.209266747,1.0769950145778833,695,695,733,650,677.0,33.92639090737475,631.1428571428571,57.30600336769284,1.0726573110004527
20131026,23750798,5255240,704,522,50,0.7414772727272727,0.07102272727272728,823574361,1169849.9446022727,2013,10,26,7,1,1.2731,4.367,2.0549999999999997,18495558,31561712,23473205,42481404,7524278,26093247.285714287,11570823.404994704,26245135.42857143,10301694.412792569,0.9942127125512261,18512510,16083587,31385011,4437529,15056253.42857143,9728060.64930741,12967933.57142857,8339393.663910065,1.1610372111825065,710,695,695,680,685.5714285714286,33.54527856920723,642.6428571428571,55.68538980165836,1.0668000444592642
20131027,13329557,5856259,692,504,54,0.7283236994219653,0.07803468208092486,975892789,1410249.6950867053,2013,10,27,1,1,1.2729,4.367,2.0549999999999997,7473298,23750798,31561712,23473205,16080343,28411321.57142857,8429807.186220746,26458973.42857143,10209672.79126341,1.073787750992218,5255240,18512510,16083587,8452091,15173069.285714285,9583127.691463413,13078314.285714285,8216753.026638484,1.1601701071129744,704,710,695,649,689.0,34.102785809959876,654.2857142857143,49.49503249577922,1.0530567685589518
20131028,44085364,9442654,678,479,57,0.7064896755162242,0.084070796460177,810891049,1196004.4970501475,2013,10,28,2,0,1.2428,4.434,2.043,34642710,13329557,23750798,31561712,32914287,28018352.14285714,9135056.197944077,25719987.35714286,10784868.737611003,1.0893610387050205,5856259,5255240,18512510,21178819,14802236.142857144,9930481.71330254,12085741.857142856,8187790.86941473,1.2247685179630738,692,704,710,637,695.1428571428571,29.220019230136103,662.3571428571429,45.310224933413004,1.0494985441604658
20131029,35801148,3258106,711,491,57,0.6905766526019691,0.08016877637130802,821651274,1155627.670886076,2013,10,29,3,0,1.289,4.446,1.7160000000000002,32543042,44085364,13329557,23750798,28617502,29614220.285714287,10931961.06548788,27235756.35714286,11796486.274543962,1.0873287268905845,9442654,5856259,5255240,5344227,13125641.142857144,9661558.868382014,12052993.214285715,8198111.146647887,1.0889943194608358,678,692,704,733,701.0,17.301252363147956,669.2857142857143,38.87144210071208,1.047385272145144
20131030,26702948,40077295,795,562,67,0.7069182389937106,0.08427672955974842,920041378,1157284.752201258,2013,10,30,4,0,1.2902,5.23,0.694,-13374347,35801148,44085364,13329557,42481404,30640455.42857143,11157651.736556785,27125685.14285714,11701740.083343318,1.1295735118653698,3258106,9442654,5856259,31385011,12827623.857142856,9968872.071085732,11458574.5,8530023.719844619,1.1194781564794867,711,678,692,695,697.8571428571429,11.567606658662099,676.7142857142857,35.87462907109996,1.031243402997678
20131031,26576908,16504708,775,585,71,0.7548387096774194,0.09161290322580645,997092227,1286570.615483871,2013,10,31,5,0,1.2965,4.59,0.7439999999999998,10072200,26702948,35801148,44085364,23473205,28386390.285714287,9888456.128628518,25971406.214285713,10791615.65366819,1.0929862654144695,40077295,3258106,9442654,16083587,14069378.714285715,12803936.479102533,12890898.142857144,11309719.464830775,1.0914195860031342,795,711,678,695,712.1428571428571,38.30330086484531,688.6428571428571,45.027525159373546,1.03412509075822
20131101,53898507,31430775,787,554,67,0.7039390088945362,0.08513341804320203,1053230907,1338285.7776365946,2013,11,1,6,0,1.2919,4.2883,0.8737000000000004,22467732,0,0,0,0,0.0,0.0,0.0,0.0,1.0,0,0,0,0,0.0,0.0,0.0,0.0,1.0,0,0,0,0,0.0,0.0,0.0,0.0,1.0
20131102,22074149,4910591,804,561,44,0.6977611940298507,0.05472636815920398,1196745452,1488489.368159204,2013,11,2,7,1,1.2911,4.2883,0.8737000000000004,17163558,53898507,0,0,0,53898507.0,0.0,53898507.0,0.0,1.0,31430775,0,0,0,31430775.0,0.0,31430775.0,0.0,1.0,787,0,0,0,787.0,0.0,787.0,0.0,1.0
20131103,15120973,10579792,783,552,58,0.7049808429118773,0.07407407407407407,895586446,1143788.56449553,2013,11,3,1,1,1.291,4.2883,0.8737000000000004,4541181,22074149,53898507,0,0,37986328.0,22503219.348708354,37986328.0,22503219.348708354,1.0,4910591,31430775,0,0,18170683.0,18752601.94471498,18170683.0,18752601.94471498,1.0,804,787,0,0,795.5,12.020815280171307,795.5,12.020815280171307,1.0
20131104,26456064,9083170,854,592,72,0.6932084309133489,0.08430913348946135,1201987243,1407479.2072599533,2013,11,4,2,0,1.2888,4.0971,0.5079000000000002,17372894,15120973,22074149,53898507,0,30364543.0,20675402.30048054,30364543.0,20675402.30048054,1.0,10579792,4910591,31430775,0,15640386.0,13965573.692945486,15640386.0,13965573.692945486,1.0,783,804,787,0,791.3333333333334,11.150485789118488,791.3333333333334,11.150485789118488,1.0
20131105,82400525,25926769,928,648,121,0.6982758620689655,0.13038793103448276,1058965926,1141127.0754310344,2013,11,5,3,0,1.2938,3.9147,0.7008000000000001,56473756,26456064,15120973,22074149,0,29387423.25,16994133.072362676,29387423.25,16994133.072362676,1.0,9083170,10579792,4910591,0,14001082.0,11864826.286116652,14001082.0,11864826.286116652,1.0,854,783,804,0,807.0,32.62923024937403,807.0,32.62923024937403,1.0
20131106,52278063,40357126,953,673,119,0.7061909758656874,0.1248688352570829,997748257,1046955.149003148,2013,11,6,4,0,1.2917,3.66,1.2089999999999996,11920937,82400525,26456064,15120973,0,39990043.6,27904806.227459256,39990043.6,27904806.227459256,1.0,25926769,9083170,10579792,0,16386219.4,11576915.788939094,16386219.4,11576915.788939094,1.0,928,854,783,0,831.2,61.04670343269978,831.2,61.04670343269978,1.0
20131107,51602128,27032309,955,681,123,0.7130890052356021,0.12879581151832462,1205147080,1261934.115183246,2013,11,7,5,0,1.2935,3.73,1.2440000000000002,24569819,52278063,82400525,26456064,0,42038046.833333336,25457974.62360472,42038046.833333336,25457974.62360472,1.0,40357126,25926769,9083170,0,20381370.5,14247363.869093016,20381370.5,14247363.869093016,1.0,953,928,854,0,851.5,73.85052471039049,851.5,73.85052471039049,1.0
20131108,57598704,39562373,1009,745,118,0.7383548067393458,0.11694747274529237,1174424441,1163948.9008919722,2013,11,8,6,0,1.292,3.761,1.3159999999999998,18036331,51602128,52278063,82400525,53898507,43404344.14285714,23519306.35980085,43404344.14285714,23519306.35980085,1.0,27032309,40357126,25926769,31430775,21331504.57142857,13246713.968293179,21331504.57142857,13246713.968293179,1.0,955,953,928,787,866.2857142857143,77.94381370729874,866.2857142857143,77.94381370729874,1.0
20131109,40969628,11199930,1026,716,92,0.6978557504873294,0.08966861598440545,1255596470,1223778.2358674463,2013,11,9,7,1,1.2891,3.761,1.3159999999999998,29769698,57598704,51602128,52278063,22074149,43932943.71428572,23833950.24263513,45178639.125,22345474.13479588,0.9724273365723191,39562373,27032309,40357126,4910591,22493161.42857143,14570379.540017009,23610363.125,13854713.37512998,0.9526817232537346,1009,955,953,804,898.0,85.1391018666903,884.125,88.05264253355973,1.0156934822564683
20131110,41117033,22617672,1103,772,145,0.699909338168631,0.1314596554850408,1021338353,925964.0553037171,2013,11,10,1,1,1.2889,3.761,1.3159999999999998,18499361,40969628,57598704,51602128,15120973,46632297.85714286,21940494.71165046,44710971.222222224,20949310.416474927,1.0429721516307768,11199930,39562373,27032309,10579792,23391638.42857143,13456815.041877316,22231426.111111112,13604122.645841043,1.0521879393459357,1026,1009,955,783,929.7142857142857,85.63432778528767,899.8888888888889,94.97689777578076,1.0331434215864392
20131111,36806850,85721505,1059,731,388,0.6902738432483475,0.3663833805476865,1183518439,1117581.1510859302,2013,11,11,2,0,1.4962,3.6,1.669,-48914655,41117033,40969628,57598704,26456064,50346020.71428572,17460547.14265926,44351577.4,19783869.99597072,1.1351573870805713,22617672,11199930,39562373,9083170,25111335.57142857,12262879.852825314,22270050.7,12826671.39207595,1.1275832242011272,1103,1026,1009,854,975.4285714285714,79.44989436296134,920.2,110.19860858165737,1.0600180085074673
20131112,39994304,15732049,1057,719,112,0.6802270577105014,0.10596026490066225,1300363772,1230240.087038789,2013,11,12,3,0,1.4577,3.329,1.536,24262255,36806850,41117033,40969628,82400525,51824704.428571425,15419132.121372407,43665693.09090909,18905982.411812183,1.186851753862599,85721505,22617672,11199930,25926769,36059669.14285714,24082835.603893947,28038364.727272727,22673311.689954206,1.286083175449321,1059,1103,1026,928,1004.7142857142857,63.389574026318336,932.8181818181819,112.60889679045627,1.0770740807774235
20131113,32554888,34363634,1107,758,99,0.6847335140018067,0.08943089430894309,1118785533,1010646.3712737127,2013,11,13,4,0,1.4097,3.336,1.9150000000000005,-1808746,39994304,36806850,41117033,52278063,45766672.85714286,7902290.356801637,43359744.0,18057276.42117922,1.0555106796097056,15732049,85721505,22617672,40357126,34603280.571428575,25085144.428576823,27012838.416666668,21908104.73963816,1.280993875492872,1057,1059,1103,953,1023.1428571428571,55.64898493063034,943.1666666666666,113.1947905429424,1.0847953954509884
20131114,45868635,14636697,1054,725,111,0.6878557874762808,0.10531309297912714,1157390722,1098093.6641366223,2013,11,14,5,0,1.3294,4.188,1.1370000000000005,31231938,32554888,39994304,36806850,51602128,42949076.428571425,8672353.269423125,42528601.23076923,17546324.60209113,1.009886880490628,34363634,15732049,85721505,27032309,33747067.428571425,24957984.068752594,27578284.230769232,21074260.179239884,1.22368263181941,1107,1057,1059,955,1045.142857142857,53.70421638142442,955.7692307692307,117.51606545926235,1.0935096292037942
20131115,40973428,16654228,1061,732,95,0.6899151743638078,0.08953817153628653,1144987229,1079158.5570216777,2013,11,15,6,0,1.4738,4.454,1.495,24319200,45868635,32554888,39994304,57598704,42130006.0,7960429.778635511,42767175.071428575,16881580.917125043,0.9851014459018069,14636697,34363634,15732049,39562373,31976265.714285713,25934449.1582161,26653885.14285714,20540793.921153586,1.1996849818667015,1054,1107,1057,1009,1059.2857142857142,36.18800116850099,962.7857142857143,115.91786121840993,1.1002299873877883
20131116,20612259,11671842,1075,737,76,0.6855813953488372,0.07069767441860465,1442253614,1341631.2688372093,2013,11,16,7,1,1.3102,4.454,1.495,8940417,40973428,45868635,32554888,40969628,39754966.571428575,4138881.137206038,41843955.14285714,16576673.492359428,0.9500766941294946,16654228,14636697,34363634,11199930,28703673.57142857,26260936.513745308,25598417.5,20655774.18410698,1.1213065640260211,1061,1054,1107,1026,1066.7142857142858,28.709547109595718,982.3571428571429,106.72149746877628,1.0858721733439978
20131117,38222362,8895973,1078,757,84,0.7022263450834879,0.07792207792207792,1615957584,1499033.0092764378,2013,11,17,1,1,1.31,4.454,1.495,29326389,20612259,40973428,45868635,41117033,36846771.0,8251733.785645212,41739534.428571425,16714816.981713349,0.8827786774444172,11671842,16654228,14636697,22617672,28771089.57142857,26209066.983004063,26081364.0,20209082.326517854,1.1031282555401847,1075,1061,1054,1103,1073.7142857142858,22.410669227805208,1001.7142857142857,95.91216219616182,1.0718767826583002
20131118,56442523,6847596,1105,729,98,0.6597285067873303,0.08868778280542987,1362445185,1232982.067873303,2013,11,18,2,0,1.321,4.513,1.8920000000000003,49594927,38222362,20612259,40973428,36806850,36433246.571428575,8072657.128587543,43389633.64285714,14929860.355486121,0.8396762893024856,8895973,11671842,16654228,85721505,26810846.85714286,27238909.067559645,25961091.214285713,20313177.84097804,1.0327318923477895,1078,1075,1061,1059,1070.142857142857,18.640713250200232,1022.7857142857143,74.08745203778133,1.0463021160695578
20131119,27680179,15756997,1089,737,97,0.6767676767676768,0.08907254361799816,1300694655,1194393.6225895316,2013,11,19,3,0,1.3377,4.075,2.0460000000000003,11923182,56442523,38222362,20612259,39994304,39238342.71428572,11076690.027356636,45531523.571428575,14457135.41750448,0.8617840923493304,6847596,8895973,11671842,15732049,15543145.57142857,9046980.15230056,25801407.35714286,20464287.865038786,0.6024146418170329,1105,1078,1075,1057,1076.7142857142858,21.883892750257257,1040.7142857142858,58.91771128698656,1.0345916266300619
20131120,45683879,16082792,1121,760,98,0.6779661016949152,0.08742194469223907,1524278791,1359749.144513827,2013,11,20,4,0,1.3352,4.057,2.122,29601087,27680179,56442523,38222362,32554888,37479182.0,11884973.130125144,41622927.428571425,10606897.0362803,0.900445603311241,15756997,6847596,8895973,34363634,15546709.57142857,9047071.886069233,25074995.07142857,20639243.852165043,0.6200084796484406,1089,1105,1078,1107,1081.2857142857142,20.369211126225824,1052.2142857142858,50.308553442238306,1.0276288099925326
20131121,45870887,24630885,1129,778,116,0.6891054030115146,0.10274579273693533,1619760420,1434685.9344552702,2013,11,21,5,0,1.3442,3.889,2.3940000000000006,21240002,45683879,27680179,56442523,45868635,39354752.14285714,12013600.319087757,41151914.28571428,10237318.263200728,0.9563285894702347,16082792,15756997,6847596,14636697,12935160.714285715,3863644.343043051,23341114.07142857,20273033.267236628,0.5541792338918136,1121,1089,1105,1054,1083.2857142857142,23.725614046948554,1064.2142857142858,44.52687791820636,1.0179206658164976
20131122,23888531,27338971,1141,773,112,0.677475898334794,0.09815950920245399,1275247501,1117657.7572304995,2013,11,22,6,0,1.3502,3.899,2.479,-3450440,45870887,45683879,27680179,40973428,39355073.85714286,12013803.856648296,40742539.928571425,9896193.602323702,0.9659455185204204,24630885,16082792,15756997,16654228,14362901.857142856,5904688.999656218,23169583.785714287,20249545.264050733,0.6199033176417531,1129,1121,1089,1061,1094.0,25.18597493315152,1076.642857142857,34.95185071111221,1.0161215418297618
20131123,28344565,14143647,1138,790,85,0.6942003514938488,0.07469244288224956,1374955559,1208221.0536028119,2013,11,23,7,1,1.3469,3.899,2.479,14200918,23888531,45870887,45683879,20612259,36914374.28571428,13297146.78462036,38334670.428571425,9575240.804145167,0.9629500886018164,27338971,24630885,16082792,11671842,15889293.714285715,7702934.54137633,22296483.64285714,19745615.056936175,0.7126367533463501,1141,1129,1121,1075,1105.4285714285713,25.857669029111044,1086.0714285714287,33.053486458057144,1.0178230845116736
20131124,25216204,31876100,1181,807,88,0.6833192209991532,0.07451312447078746,1530832540,1296217.2226926333,2013,11,24,1,1,1.3467,3.899,2.479,-6659896,28344565,23888531,45870887,38222362,38018989.428571425,11972371.818611018,37432880.21428572,9897094.059712555,1.0156576039815934,14143647,27338971,24630885,8895973,16242408.714285715,7532139.5295821205,22506749.14285714,19633717.7837331,0.7216683587305406,1138,1141,1129,1078,1114.4285714285713,24.425786530202995,1094.0714285714287,30.878083553809528,1.0186067767839653
20131125,40973179,21232989,1218,820,111,0.6732348111658456,0.09113300492610837,1552509833,1274638.6149425288,2013,11,25,2,0,1.361,3.847,2.531,19740190,25216204,28344565,23888531,56442523,36160966.85714286,12908203.728469819,36297106.71428572,10344067.70353217,0.9962492917627157,31876100,14143647,27338971,6847596,19525284.0,8712061.082971621,23168065.42857143,19793019.44651991,0.8427671296163096,1181,1138,1141,1105,1129.142857142857,29.350914644627185,1099.642857142857,38.667432416315535,1.0268268918480026
20131126,38090165,15907470,1233,832,100,0.6747769667477697,0.08110300081103,1588562203,1288371.616382806,2013,11,26,3,0,1.3774,3.746,2.836,22182695,40973179,25216204,28344565,27680179,33951060.571428575,9809522.640140818,36594701.64285714,10419517.602671955,0.9277589117345741,21232989,31876100,14143647,15756997,21580340.14285714,6683683.402762642,18561742.85714286,8258719.663545424,1.1626246688657622,1218,1181,1138,1089,1145.2857142857142,42.14543979172717,1111.0,48.02883749133681,1.0308602288800308
20131127,36889981,22040467,1247,877,112,0.7032878909382518,0.08981555733761026,1371030780,1099463.3360064153,2013,11,27,4,0,1.3755,3.764,2.94,14849514,38090165,40973179,25216204,45683879,35438201.428571425,9484087.733755803,36458691.71428572,10384095.251865357,0.9720096844474968,15907470,21232989,31876100,16082792,21601836.285714287,6662039.711171339,18574272.92857143,8254228.078761383,1.1629976779594846,1233,1218,1181,1121,1165.857142857143,45.13102617722671,1123.5714285714287,55.291833150898654,1.0376350921805466
20131128,57038667,15330313,1168,808,88,0.6917808219178082,0.07534246575342465,1687867999,1445092.4648972603,2013,11,28,5,0,1.3862,3.746,2.8089999999999997,41708354,36889981,38090165,40973179,45870887,34181930.28571428,8423911.953334363,36768341.21428572,10323187.537793674,0.9296565783727407,22040467,15907470,21232989,24630885,22452932.714285713,6204281.18103531,17694046.714285713,7003202.887861705,1.2689540768623493,1247,1233,1218,1129,1183.857142857143,49.20172277278021,1133.5714285714287,64.03330177543344,1.0443604284814114
20131129,35797546,17000069,1212,836,89,0.6897689768976898,0.07343234323432343,1511171565,1246841.2252475247,2013,11,29,6,0,1.3879,3.726,2.6390000000000002,18797477,57038667,36889981,38090165,23888531,35777327.428571425,11501850.687598435,37566200.64285714,11450714.64800342,0.9523807789003583,15330313,22040467,15907470,27338971,21124279.57142857,6640652.968112494,17743590.714285713,6982332.342511749,1.1905301419301224,1168,1247,1233,1141,1189.4285714285713,43.874279264192836,1141.7142857142858,60.274281505373665,1.0417917917917916
20131130,18394518,74710857,1237,868,101,0.7016976556184317,0.08164915117219078,1532322823,1238741.166531932,2013,11,30,7,1,1.3878,3.726,2.6390000000000002,-56316339,35797546,57038667,36889981,28344565,37478615.28571428,10264434.398278987,37196494.78571428,11415747.033883834,1.0075845990764793,17000069,15330313,22040467,14143647,19647293.57142857,6160437.4957351815,17768293.64285714,6978792.679184621,1.1057501618523053,1212,1168,1247,1138,1199.5714285714287,38.71630639604432,1152.5,58.19430318404824,1.0408428881313914
20131201,46879356,34021700,1247,846,115,0.6784282277465918,0.09222133119486768,1537885869,1233268.5396952687,2013,12,1,1,1,1.3876,0.0,0.0,12857656,0,0,0,0,0.0,0.0,0.0,0.0,1.0,0,0,0,0,0.0,0.0,0.0,0.0,1.0,0,0,0,0,0.0,0.0,0.0,0.0,1.0
20131202,103223722,54587102,1276,860,112,0.6739811912225705,0.0877742946708464,1859619496,1457382.0501567398,2013,12,2,2,0,1.3882,3.748,2.5149999999999997,48636620,46879356,0,0,0,46879356.0,0.0,46879356.0,0.0,1.0,34021700,0,0,0,34021700.0,0.0,34021700.0,0.0,1.0,1247,0,0,0,1247.0,0.0,1247.0,0.0,1.0
20131203,62016224,33744021,1246,836,117,0.6709470304975923,0.09390048154093097,1670337134,1340559.4975922953,2013,12,3,3,0,1.399,3.725,2.555,28272203,103223722,46879356,0,0,75051539.0,39841483.28025675,75051539.0,39841483.28025675,1.0,54587102,34021700,0,0,44304401.0,14541935.212027388,44304401.0,14541935.212027388,1.0,1276,1247,0,0,1261.5,20.506096654409877,1261.5,20.506096654409877,1.0
20131204,41225340,10871409,1287,909,133,0.7062937062937062,0.10334110334110334,1773711368,1378175.111111111,2013,12,4,4,0,1.3982,3.7235,2.5115000000000003,30353931,62016224,103223722,46879356,0,70706434.0,29160104.721495155,70706434.0,29160104.721495155,1.0,33744021,54587102,34021700,0,40784274.333333336,11954405.67755396,40784274.333333336,11954405.67755396,1.0,1246,1276,1247,0,1256.3333333333333,17.03917055884274,1256.3333333333333,17.03917055884274,1.0
20131205,65123176,23863871,1304,879,107,0.674079754601227,0.08205521472392638,1815636486,1392359.268404908,2013,12,5,5,0,1.4025,3.703,2.3770000000000002,41259305,41225340,62016224,103223722,0,63336160.5,28002824.811762325,63336160.5,28002824.811762325,1.0,10871409,33744021,54587102,0,33306058.0,17859640.389666956,33306058.0,17859640.389666956,1.0,1287,1246,1276,0,1264.0,20.704266871026075,1264.0,20.704266871026075,1.0
20131206,45793465,48349699,1362,947,129,0.6953010279001468,0.0947136563876652,1813381732,1331410.9632892804,2013,12,6,6,0,1.3848,3.7,1.896,-2556234,65123176,41225340,62016224,0,63693563.6,24264322.223341346,63693563.6,24264322.223341346,1.0,23863871,10871409,33744021,0,31417620.6,16032967.44850314,31417620.6,16032967.44850314,1.0,1304,1287,1246,0,1272.0,25.327850283827896,1272.0,25.327850283827896,1.0
20131207,59031177,33744243,1297,889,94,0.6854279105628374,0.07247494217424827,2281298994,1758904.3901310717,2013,12,7,7,1,1.3815,3.7,1.896,25286934,45793465,65123176,41225340,0,60710213.833333336,22899958.981363475,60710213.833333336,22899958.981363475,1.0,48349699,23863871,10871409,0,34239633.666666664,15919402.710354224,34239633.666666664,15919402.710354224,1.0,1362,1304,1287,0,1287.0,43.16480047446068,1287.0,43.16480047446068,1.0
20131208,37837144,22263700,1335,920,88,0.6891385767790262,0.06591760299625468,1659731779,1243244.7782771536,2013,12,8,1,1,1.3809,3.7,1.896,15573444,59031177,45793465,65123176,46879356,60470351.428571425,20914337.32162306,60470351.428571425,20914337.32162306,1.0,33744243,48349699,23863871,34021700,34168863.571428575,14533566.127761668,34168863.571428575,14533566.127761668,1.0,1297,1362,1304,1247,1288.4285714285713,39.584749348106044,1288.4285714285713,39.584749348106044,1.0
20131209,56288608,42338230,1322,904,125,0.6838124054462935,0.094553706505295,1982849545,1499886.191376702,2013,12,9,2,0,1.4227,3.62,1.83,13950378,37837144,59031177,45793465,103223722,59178606.85714286,22137162.295998994,57641200.5,20951257.55621318,1.0266720044656747,22263700,33744243,48349699,54587102,32489149.285714287,15216813.334348366,32680718.125,14098447.58953871,0.9941381692240365,1335,1297,1362,1276,1301.0,38.18376618407357,1294.25,40.17728569371365,1.0052153757002125
20131210,36344186,42085644,1365,934,115,0.6842490842490843,0.08424908424908426,1856032353,1359730.6615384615,2013,12,10,3,0,1.4271,3.558,1.7380000000000004,-5741458,56288608,37837144,59031177,62016224,52473590.571428575,10754866.718694407,57490912.44444445,19603292.39018835,0.9127284355094504,42338230,22263700,33744243,33744021,30739310.42857143,12757741.263551526,33753775.0,13575106.109841703,0.910692520423906,1322,1335,1297,1246,1307.5714285714287,37.107308996374016,1297.3333333333333,38.704004960727275,1.00789164586698
20131211,112732323,15176922,1354,943,123,0.6964549483013294,0.09084194977843427,1938817811,1431918.6196454947,2013,12,11,4,0,1.42,3.51,1.7280000000000006,97555401,36344186,56288608,37837144,41225340,48806156.571428575,11320691.10734502,55376239.8,19654737.104056794,0.8813555551568631,42085644,42338230,22263700,10871409,31930970.85714286,13455670.370660733,34586961.9,13067117.696627062,0.9232083161702289,1365,1322,1335,1287,1324.5714285714287,30.94542046279302,1304.1,42.30169421351036,1.0156977444762125
20131212,41889138,34677854,1410,997,234,0.7070921985815602,0.16595744680851063,1997398476,1416594.6638297872,2013,12,12,5,0,1.4663,3.46,1.9554999999999998,7211284,112732323,36344186,56288608,65123176,59021439.85714286,26037057.466233056,60590429.18181818,25431148.25505817,0.9741049973426144,15176922,42085644,42338230,23863871,32546044.14285714,12388672.192829834,32822412.818181816,13708558.512526143,0.9915798793691492,1354,1365,1322,1304,1334.142857142857,27.564642638886582,1308.6363636363637,42.85854110273177,1.0194908946558825
20131213,34513787,36421396,1361,943,124,0.6928728875826599,0.09110947832476121,1726052893,1268224.021307862,2013,12,13,6,0,1.4527,3.4321,1.9909,-1907609,41889138,112732323,36344186,45793465,55702291.571428575,26604315.234465335,59031988.25,24841362.958360467,0.9435950443601834,34677854,15176922,42085644,48349699,34090898.85714286,11785115.205030717,32977032.916666668,13081567.665280554,1.0337770212162793,1410,1354,1365,1362,1349.2857142857142,36.05419201569715,1317.0833333333333,50.26015651918862,1.0244497672526778
20131214,23993344,11261211,1314,905,85,0.6887366818873668,0.06468797564687975,1777208574,1352517.9406392693,2013,12,14,7,1,1.4493,3.4321,1.9909,12732133,34513787,41889138,112732323,59031177,54090909.0,27626465.39093477,57145972.76923077,24736826.351508837,0.9465392989009418,36421396,34677854,15176922,33744243,32386855.57142857,10125258.294292904,33241983.923076924,12561026.32477043,0.9742756523308853,1361,1410,1354,1297,1349.142857142857,35.99735440014344,1320.4615384615386,49.63804888828632,1.021720677085934
20131215,45186895,15931583,1413,988,112,0.6992215145081387,0.07926397735314933,1944554100,1376188.3227176222,2013,12,15,1,1,1.4491,3.4321,1.9909,29255312,23993344,34513787,41889138,37837144,49085504.28571428,29679982.526162714,54777927.85714286,25364294.734266385,0.8960818016651884,11261211,36421396,34677854,22263700,29174993.85714286,12828114.315713676,31671928.714285713,13422128.511854671,0.92116252598104,1314,1361,1410,1335,1351.5714285714287,32.27412349885043,1320.0,47.721951085267044,1.023917748917749
20131216,49091010,44107051,1355,868,132,0.640590405904059,0.0974169741697417,1875502183,1384134.452398524,2013,12,16,2,0,1.4771,3.447,2.1100000000000003,4983959,45186895,23993344,34513787,56288608,50135468.71428572,29343837.356011998,54657037.78571428,25408830.51817994,0.9172737994116035,15931583,11261211,36421396,42338230,28270405.714285713,13596918.105316082,30379777.5,14035279.259822344,0.9305665821379275,1413,1314,1361,1322,1362.7142857142858,38.46953030522677,1331.857142857143,48.79920734358948,1.02316850799099
20131217,76466353,59087711,1450,985,135,0.6793103448275862,0.09310344827586207,2108830574,1454365.9131034482,2013,12,17,3,0,1.4532,3.47,2.765,17378642,49091010,45186895,23993344,36344186,49107240.428571425,29218127.19796895,50790415.5,21223825.122972135,0.9668603799583294,44107051,15931583,11261211,42085644,28523094.42857143,13914655.250511633,29631202.42857143,12876502.7624417,0.9626033400881658,1355,1413,1314,1365,1367.4285714285713,34.46184916134141,1337.5,46.34942535532917,1.02237650200267
20131218,56490437,30216895,1444,1009,120,0.6987534626038782,0.08310249307479224,2179183702,1509129.9875346262,2013,12,18,4,0,1.4542,3.588,3.1769999999999996,26273542,76466353,49091010,45186895,112732323,54838978.571428575,30215474.7028781,51822567.571428575,22143205.324401807,1.058206513906174,59087711,44107051,15931583,15176922,30951961.14285714,17657213.18665632,31441466.0,15090363.8788002,0.984431233036562,1450,1355,1413,1354,1379.5714285714287,46.37836112835789,1352.0714285714287,47.4251868910219,1.0203391621321782
20131219,48395966,41561711,1444,1016,115,0.703601108033241,0.0796398891966759,1928599802,1335595.4307479225,2013,12,19,5,0,1.5167,3.846,3.2552000000000003,6834255,56490437,76466353,49091010,41889138,46804423.428571425,16718547.188339513,52912931.64285714,21956291.031165127,0.8845554758614416,30216895,59087711,44107051,34677854,33100528.714285713,16279010.663668096,32823286.42857143,13900714.999112377,1.0084465120918835,1444,1450,1355,1410,1392.4285714285713,50.40786030920558,1363.2857142857142,49.376775249766254,1.0213769254951273
20131220,41456635,55124444,1483,1037,118,0.6992582602832097,0.07956844234659474,2380677958,1605312.1766689143,2013,12,20,6,0,1.513,3.927,3.603,-13667809,48395966,56490437,76466353,34513787,47733970.28571428,16580025.612803815,51718130.928571425,21694293.001562726,0.9229639476268058,41561711,30216895,59087711,36421396,34083936.85714286,16595035.094439063,34087417.85714286,13827800.733784085,0.9998978802086275,1444,1444,1450,1361,1397.2857142857142,53.90026062309993,1373.2857142857142,50.60773515128736,1.0174763341308644
20131221,40879812,39382401,1459,1004,115,0.6881425633995888,0.0788211103495545,2171196788,1488140.3618917067,2013,12,21,7,1,1.5109,3.927,3.603,1497411,41456635,48395966,56490437,23993344,48725805.71428572,15848917.026552062,51408357.35714286,21816020.457626704,0.947818763703711,55124444,41561711,30216895,11261211,36755800.85714286,18437454.468448225,34571328.21428572,14468986.427201325,1.06318740863287,1483,1444,1444,1314,1414.7142857142858,59.631407512356745,1381.9285714285713,58.282421529485745,1.023724608466429
20131222,31617755,23223934,1492,1014,108,0.6796246648793566,0.07238605898123325,2138952831,1433614.4979892762,2013,12,22,1,1,1.5107,3.927,3.603,8393821,40879812,41456635,48395966,45186895,51138158.28571428,12357574.370273532,50111831.28571428,21867455.449689467,1.0204807322675629,39382401,55124444,41561711,15931583,40773113.71428572,14626412.534851562,34974053.78571428,14522560.984133422,1.1658103451233368,1459,1483,1444,1413,1435.4285714285713,41.12929670708031,1393.5,56.166990031786135,1.0300886770208622
20131223,51834758,41549423,1536,1040,148,0.6770833333333334,0.09635416666666667,2174765593,1415863.0162760417,2013,12,23,2,0,1.6189,4.515,3.141,10285335,31617755,40879812,41456635,49091010,49199709.71428572,14350281.04018389,49667589.21428572,22196695.695567913,0.9905797823610608,23223934,39382401,55124444,44107051,41814878.14285714,12694269.116291653,35042641.928571425,14460046.996801514,1.1932570103615414,1492,1459,1483,1355,1446.7142857142858,44.638228331458535,1404.7142857142858,59.180855235233075,1.0298993186209702
20131224,38559839,58702497,1495,1026,152,0.6862876254180602,0.10167224080267559,2102016742,1406031.2655518395,2013,12,24,3,0,1.611,4.145,2.460000000000001,-20142658,51834758,31617755,40879812,76466353,49591673.71428572,14384248.381433627,49349457.071428575,22126306.507034164,1.0049081926576529,41549423,23223934,39382401,59087711,41449502.71428572,12654042.344775558,34986298.571428575,14430940.636528764,1.1847352937225344,1536,1492,1459,1450,1472.5714285714287,33.753306716316175,1420.0,63.642027719956374,1.0370221327967808
20131225,120752412,71384979,1509,1053,121,0.6978131212723658,0.08018555334658714,2431046040,1611031.1729622267,2013,12,25,4,0,1.7012,4.05,2.4590000000000005,49367433,38559839,51834758,31617755,56490437,44176457.428571425,8520765.101586806,49507718.0,22033860.038492993,0.8923145564611042,58702497,41549423,23223934,30216895,41394472.14285714,12565076.917965556,36173216.64285714,15688337.507618757,1.1443403707099131,1495,1536,1492,1444,1479.0,33.01514803843831,1429.2857142857142,64.4782951810185,1.0347826086956522
20131226,55356728,31006772,1557,1092,137,0.7013487475915221,0.08798972382787412,2583138708,1659048.6242774567,2013,12,26,5,0,1.7674,4.001,2.569,24349956,120752412,38559839,51834758,48395966,53356739.571428575,30435506.37983324,50080581.5,23834758.355166677,1.0654177322487475,71384979,58702497,41549423,41561711,47275627.0,15703838.921923358,40188077.85714286,17036087.060605787,1.1763594956706154,1509,1495,1536,1444,1488.2857142857142,30.581662728473347,1440.357142857143,63.861156055518215,1.0332754773121744
20131227,52025286,34539683,1582,1139,149,0.7199747155499368,0.09418457648546144,2416764671,1527664.140960809,2013,12,27,6,0,1.803,3.513,2.979,17485603,55356728,120752412,38559839,41456635,54351134.14285714,30360031.91402266,51042552.21428572,23750346.91915565,1.0648200723718009,31006772,71384979,58702497,55124444,45767778.571428575,16811577.8561752,39925857.71428572,17155260.66213446,1.1463192324870852,1557,1509,1495,1483,1504.4285714285713,33.0346138812869,1450.857142857143,70.25104121085172,1.0369239858211894
20131228,68073269,18768592,1543,1077,141,0.6979909267660401,0.09138042773817238,2179247664,1412344.565132858,2013,12,28,7,1,1.7889,3.513,2.979,49304677,52025286,55356728,120752412,40879812,55860941.428571425,29870760.681312207,52293373.571428575,23269142.084253028,1.06822217832762,34539683,31006772,71384979,39382401,42827098.428571425,16702118.849546162,39791449.64285714,17192161.22303713,1.076288971951521,1582,1557,1509,1459,1518.5714285714287,42.24080626936131,1466.642857142857,73.27147324306227,1.0354064189353724
20131229,44399182,10194067,1504,1068,111,0.7101063829787234,0.07380319148936171,2377660493,1580891.2852393617,2013,12,29,1,1,1.7886,3.513,2.979,34205115,68073269,52025286,55356728,31617755,59745721.0,29361653.511588626,55441939.64285714,22098056.86391352,1.0776268179805166,18768592,34539683,31006772,23223934,39882268.571428575,19061332.042351943,40327691.14285714,16329245.954965089,0.9889549200857868,1543,1582,1557,1492,1530.5714285714287,33.53037002906045,1483.0,61.12911933578981,1.0320778345053463
20131230,67556178,58131242,1519,1073,152,0.7063857801184991,0.10006583278472679,2314787864,1523889.3113890719,2013,12,30,2,0,1.7947,3.205,2.917,9424936,44399182,68073269,52025286,51834758,61571639.14285714,27669586.583280593,55385674.428571425,22127160.056192975,1.1116888938901248,10194067,18768592,34539683,41549423,38020859.0,21446217.84090238,39917868.571428575,17044939.250867527,0.9524771827926111,1504,1543,1582,1536,1532.2857142857142,31.473344731239315,1489.5,57.864231013374976,1.028724883709778
20131231,70633939,24693958,1557,1089,148,0.6994219653179191,0.09505459216441875,2420901286,1554849.8946692357,2013,12,31,3,0,1.7869,3.148,2.765,45939981,67556178,44399182,68073269,38559839,63817556.28571428,27384104.192007806,56704615.0,22272939.178883824,1.1254384900720036,58131242,10194067,18768592,58702497,40389690.28571428,22775494.019376688,40919596.5,17709229.88657731,0.9870500625712251,1519,1504,1543,1495,1529.857142857143,31.793230785963317,1501.2142857142858,43.31135678287651,1.019079792548889
